,Time,FreestreamWindSpeed,FreestreamWindDir,TurbineWindSpeeds_0,TurbineWindDirs_0,TurbineTurbIntens_0,YawAngles_0,AxIndFactors_0,TurbineWindSpeeds_1,TurbineWindDirs_1,TurbineTurbIntens_1,YawAngles_1,AxIndFactors_1
0,0.0,9.241994536883862,229.37872252366387,9.241994536883862,-40.621277476336104,0.06,0.0,0.33,8.0,-40.621277476336104,0.06,15.0,0.22
1,1.0,9.983816723964814,245.7257923083116,9.983816723964814,-24.27420769168839,0.06,0.0,0.33,8.0,-24.27420769168839,0.06,15.0,0.22
2,2.0,10.71238662732472,247.2796706296264,10.71238662732472,-22.720329370373634,0.06,0.0,0.33,8.0,-22.720329370373634,0.06,15.0,0.22
3,3.0,10.437840109138328,260.2616257704649,10.437840109138328,-9.738374229535111,0.06,0.0,0.33,8.0,-9.738374229535111,0.06,15.0,0.22
4,4.0,10.539108357567091,250.1547744143159,10.539108357567091,-19.845225585684148,0.06,0.0,0.33,8.0,-19.845225585684148,0.06,15.0,0.22
5,5.0,9.460585570815248,239.77376880464254,9.460585570815248,-30.226231195357514,0.06,0.0,0.33,8.0,-30.226231195357514,0.06,15.0,0.22
6,6.0,10.735555955112067,245.13515809165474,10.735555955112067,-24.864841908345284,0.06,0.0,0.33,8.0,-24.864841908345284,0.06,15.0,0.22
7,7.0,9.942792654943998,229.14562694324587,9.942792654943998,-40.854373056754184,0.06,0.0,0.33,8.0,-40.854373056754184,0.06,15.0,0.22
8,8.0,9.332424814256182,245.62613840383173,9.332424814256182,-24.37386159616824,0.06,0.0,0.33,8.0,-24.37386159616824,0.06,15.0,0.22
9,9.0,9.645352614667207,254.91005252096178,9.645352614667207,-15.089947479038187,0.06,0.0,0.33,8.0,-15.089947479038187,0.06,15.0,0.22
10,10.0,10.633564136161839,237.4226216709227,10.633564136161839,-32.577378329077305,0.06,0.0,0.33,8.0,-32.577378329077305,0.06,15.0,0.22
11,11.0,10.649552864022922,254.07214654038964,10.649552864022922,-15.927853459610333,0.06,0.0,0.33,8.0,-15.927853459610333,0.06,15.0,0.22
12,12.0,9.679142586948958,256.8387468755625,9.679142586948958,-13.161253124437508,0.06,0.0,0.33,8.0,-13.161253124437508,0.06,15.0,0.22
13,13.0,9.331170948692032,237.90113355970368,9.331170948692032,-32.09886644029632,0.06,0.0,0.33,8.0,-32.09886644029632,0.06,15.0,0.22
14,14.0,9.626557730875811,258.8513630546289,9.626557730875811,-11.148636945371095,0.06,0.0,0.33,8.0,-11.148636945371095,0.06,15.0,0.22
15,15.0,10.435863887697264,242.10004268246945,10.435863887697264,-27.899957317530607,0.06,0.0,0.33,8.0,-27.899957317530607,0.06,15.0,0.22
16,16.0,10.035739248522601,259.1106232234835,10.035739248522601,-10.889376776516428,0.06,0.0,0.33,8.0,-10.889376776516428,0.06,15.0,0.22
17,17.0,10.076505697550296,280.5354078877135,10.076505697550296,10.535407887713518,0.06,0.0,0.33,8.0,10.535407887713518,0.06,15.0,0.22
18,18.0,10.524428524199136,236.11771754211298,10.524428524199136,-33.88228245788696,0.06,0.0,0.33,8.0,-33.88228245788696,0.06,15.0,0.22
19,19.0,9.652005061694181,243.61083731782628,9.652005061694181,-26.38916268217372,0.06,0.0,0.33,8.0,-26.38916268217372,0.06,15.0,0.22
20,20.0,10.176274625826107,225.5148403959205,10.176274625826107,-44.48515960407951,0.06,0.0,0.33,8.0,-44.48515960407951,0.06,15.0,0.22
21,21.0,9.46964300163576,238.15313039034942,9.46964300163576,-31.84686960965064,0.06,0.0,0.33,8.0,-31.84686960965064,0.06,15.0,0.22
22,22.0,9.492956469424326,245.0952475715891,9.492956469424326,-24.904752428410916,0.06,0.0,0.33,8.0,-24.904752428410916,0.06,15.0,0.22
23,23.0,10.202240969152754,256.66109855413896,10.202240969152754,-13.338901445860984,0.06,0.0,0.33,8.0,-13.338901445860984,0.06,15.0,0.22
24,24.0,9.629175547013293,261.88570312568953,9.629175547013293,-8.114296874310412,0.06,0.0,0.33,8.0,-8.114296874310412,0.06,15.0,0.22
25,25.0,9.148806126832719,248.8168933905982,9.148806126832719,-21.18310660940176,0.06,0.0,0.33,8.0,-21.18310660940176,0.06,15.0,0.22
26,26.0,9.642613842371686,242.40602360090486,9.642613842371686,-27.59397639909514,0.06,0.0,0.33,8.0,-27.59397639909514,0.06,15.0,0.22
27,27.0,9.55394058916583,257.0100831015463,9.55394058916583,-12.989916898453657,0.06,0.0,0.33,8.0,-12.989916898453657,0.06,15.0,0.22
28,28.0,9.283970450126303,254.17124444545146,9.283970450126303,-15.82875555454848,0.06,0.0,0.33,8.0,-15.82875555454848,0.06,15.0,0.22
29,29.0,10.8007264090706,270.5929000213517,10.8007264090706,0.5929000213516815,0.06,0.0,0.33,8.0,0.5929000213516815,0.06,15.0,0.22
30,30.0,9.57278570832503,239.03067726562088,9.57278570832503,-30.969322734379148,0.06,0.0,0.33,8.0,-30.969322734379148,0.06,15.0,0.22
31,31.0,10.287033632092156,259.1340968249414,10.287033632092156,-10.86590317505852,0.06,0.0,0.33,8.0,-10.86590317505852,0.06,15.0,0.22
32,32.0,9.132559116176793,241.98320426177065,9.132559116176793,-28.016795738229348,0.06,0.0,0.33,8.0,-28.016795738229348,0.06,15.0,0.22
33,33.0,9.237232556315924,263.8882103651301,9.237232556315924,-6.111789634869865,0.06,0.0,0.33,8.0,-6.111789634869865,0.06,15.0,0.22
34,34.0,10.11661643363989,247.93603346128123,10.11661643363989,-22.063966538718773,0.06,0.0,0.33,8.0,-22.063966538718773,0.06,15.0,0.22
35,35.0,9.348802152758372,215.97790353272575,9.348802152758372,-54.022096467274196,0.06,0.0,0.33,8.0,-54.022096467274196,0.06,15.0,0.22
36,36.0,9.868035328682932,276.26577243800955,9.868035328682932,6.265772438009549,0.06,0.0,0.33,8.0,6.265772438009549,0.06,15.0,0.22
37,37.0,9.394499638560433,238.26457514843523,9.394499638560433,-31.735424851564744,0.06,0.0,0.33,8.0,-31.735424851564744,0.06,15.0,0.22
38,38.0,10.029496506893148,249.35308463332504,10.029496506893148,-20.64691536667499,0.06,0.0,0.33,8.0,-20.64691536667499,0.06,15.0,0.22
39,39.0,9.621600490669096,244.60337176146177,9.621600490669096,-25.396628238538256,0.06,0.0,0.33,8.0,-25.396628238538256,0.06,15.0,0.22
40,40.0,9.7976642123609,246.40014845181042,9.7976642123609,-23.599851548189577,0.06,0.0,0.33,8.0,-23.599851548189577,0.06,15.0,0.22
41,41.0,9.002738906651835,246.3634597246491,9.002738906651835,-23.636540275350853,0.06,0.0,0.33,8.0,-23.636540275350853,0.06,15.0,0.22
42,42.0,9.986948267292481,246.18260405884473,9.986948267292481,-23.81739594115527,0.06,0.0,0.33,8.0,-23.81739594115527,0.06,15.0,0.22
43,43.0,9.312245715874518,242.29270498829422,9.312245715874518,-27.70729501170581,0.06,0.0,0.33,8.0,-27.70729501170581,0.06,15.0,0.22
44,44.0,9.70961289395842,228.9936077763524,9.70961289395842,-41.006392223647595,0.06,0.0,0.33,8.0,-41.006392223647595,0.06,15.0,0.22
45,45.0,10.377927339368288,253.9767575094776,10.377927339368288,-16.02324249052242,0.06,0.0,0.33,8.0,-16.02324249052242,0.06,15.0,0.22
46,46.0,9.670442904431265,246.30816940088621,9.670442904431265,-23.691830599113814,0.06,0.0,0.33,8.0,-23.691830599113814,0.06,15.0,0.22
47,47.0,9.650288883820448,250.98108592828476,9.650288883820448,-19.018914071715244,0.06,0.0,0.33,8.0,-19.018914071715244,0.06,15.0,0.22
48,48.0,10.452723112070462,220.9906426468291,10.452723112070462,-49.00935735317091,0.06,0.0,0.33,8.0,-49.00935735317091,0.06,15.0,0.22
49,49.0,9.616817192125303,263.4981986248449,9.616817192125303,-6.5018013751550825,0.06,0.0,0.33,8.0,-6.5018013751550825,0.06,15.0,0.22
50,50.0,9.88848185722197,247.78810607476058,9.88848185722197,-22.21189392523945,0.06,0.0,0.33,8.0,-22.21189392523945,0.06,15.0,0.22
51,51.0,9.153513089158004,259.8098523181606,9.153513089158004,-10.190147681839335,0.06,0.0,0.33,8.0,-10.190147681839335,0.06,15.0,0.22
52,52.0,10.481761906386458,248.4197566333552,10.481761906386458,-21.580243366644822,0.06,0.0,0.33,8.0,-21.580243366644822,0.06,15.0,0.22
53,53.0,9.385084179120378,239.73557965280335,9.385084179120378,-30.26442034719662,0.06,0.0,0.33,8.0,-30.26442034719662,0.06,15.0,0.22
54,54.0,10.124894860035912,264.1905691792346,10.124894860035912,-5.8094308207653285,0.06,0.0,0.33,8.0,-5.8094308207653285,0.06,15.0,0.22
55,55.0,10.31653060424405,246.11761330966507,10.31653060424405,-23.882386690334897,0.06,0.0,0.33,8.0,-23.882386690334897,0.06,15.0,0.22
56,56.0,9.942830151174675,240.01131109495935,9.942830151174675,-29.98868890504059,0.06,0.0,0.33,8.0,-29.98868890504059,0.06,15.0,0.22
57,57.0,10.054113056219839,256.02765333904256,10.054113056219839,-13.972346660957442,0.06,0.0,0.33,8.0,-13.972346660957442,0.06,15.0,0.22
58,58.0,10.5251645743009,253.4303500818936,10.5251645743009,-16.569649918106393,0.06,0.0,0.33,8.0,-16.569649918106393,0.06,15.0,0.22
59,59.0,10.168807192362008,227.16960546827661,10.168807192362008,-42.830394531723414,0.06,0.0,0.33,8.0,-42.830394531723414,0.06,15.0,0.22
60,60.0,9.61204043811537,268.9477502048176,9.61204043811537,-1.0522497951824334,0.06,0.0,0.33,8.0,-1.0522497951824334,0.06,15.0,0.22
61,61.0,10.110078284753861,247.7104234758075,10.110078284753861,-22.289576524192512,0.06,0.0,0.33,8.0,-22.289576524192512,0.06,15.0,0.22
62,62.0,9.999776783491262,245.74668796300054,9.999776783491262,-24.253312036999432,0.06,0.0,0.33,8.0,-24.253312036999432,0.06,15.0,0.22
63,63.0,9.536804038060588,245.3162315632997,9.536804038060588,-24.683768436700348,0.06,0.0,0.33,8.0,-24.683768436700348,0.06,15.0,0.22
64,64.0,10.008670929945259,242.35403018443134,10.008670929945259,-27.645969815568606,0.06,0.0,0.33,8.0,-27.645969815568606,0.06,15.0,0.22
65,65.0,9.708858756195694,251.3098541719119,9.708858756195694,-18.690145828088134,0.06,0.0,0.33,8.0,-18.690145828088134,0.06,15.0,0.22
66,66.0,10.12162692502911,244.65929607582345,10.12162692502911,-25.340703924176523,0.06,0.0,0.33,8.0,-25.340703924176523,0.06,15.0,0.22
67,67.0,10.239676245775234,243.1991810891938,10.239676245775234,-26.800818910806242,0.06,0.0,0.33,8.0,-26.800818910806242,0.06,15.0,0.22
68,68.0,9.612096122423464,281.799128550354,9.612096122423464,11.799128550353998,0.06,0.0,0.33,9.983816723964814,11.799128550353998,0.06,15.0,0.22
69,69.0,9.558383619935176,277.9795022323781,9.558383619935176,7.979502232378081,0.06,0.0,0.33,9.983816723964814,7.979502232378081,0.06,15.0,0.22
70,70.0,10.312116818354092,239.7263741207886,10.312116818354092,-30.27362587921141,0.06,0.0,0.33,9.983816723964814,-30.27362587921141,0.06,15.0,0.22
71,71.0,9.606687098322574,250.61592450071944,9.606687098322574,-19.384075499280584,0.06,0.0,0.33,9.983816723964814,-19.384075499280584,0.06,15.0,0.22
72,72.0,10.738491994688506,246.00137174860052,10.738491994688506,-23.99862825139951,0.06,0.0,0.33,9.983816723964814,-23.99862825139951,0.06,15.0,0.22
73,73.0,10.10353474748853,260.4353099839137,10.10353474748853,-9.564690016086274,0.06,0.0,0.33,9.983816723964814,-9.564690016086274,0.06,15.0,0.22
74,74.0,10.147622367631756,244.5490998477499,10.147622367631756,-25.450900152250142,0.06,0.0,0.33,9.983816723964814,-25.450900152250142,0.06,15.0,0.22
75,75.0,9.805639498809782,255.40671003519375,9.805639498809782,-14.593289964806218,0.06,0.0,0.33,9.332424814256182,-14.593289964806218,0.06,15.0,0.22
76,76.0,9.434086899655956,235.0380236774418,9.434086899655956,-34.96197632255826,0.06,0.0,0.33,9.332424814256182,-34.96197632255826,0.06,15.0,0.22
77,77.0,9.731975587630377,244.7175535793315,9.731975587630377,-25.28244642066852,0.06,0.0,0.33,9.332424814256182,-25.28244642066852,0.06,15.0,0.22
78,78.0,9.79849372721826,247.39996380499952,9.79849372721826,-22.600036195000484,0.06,0.0,0.33,9.332424814256182,-22.600036195000484,0.06,15.0,0.22
79,79.0,9.782855840689745,250.38878819701165,9.782855840689745,-19.61121180298835,0.06,0.0,0.33,9.332424814256182,-19.61121180298835,0.06,15.0,0.22
80,80.0,10.177754390933119,237.4084894819211,10.177754390933119,-32.59151051807885,0.06,0.0,0.33,9.332424814256182,-32.59151051807885,0.06,15.0,0.22
81,81.0,10.186964120688721,248.74805690845875,10.186964120688721,-21.251943091541307,0.06,0.0,0.33,9.332424814256182,-21.251943091541307,0.06,15.0,0.22
82,82.0,9.53159863815833,256.8332351290052,9.53159863815833,-13.166764870994825,0.06,0.0,0.33,9.332424814256182,-13.166764870994825,0.06,15.0,0.22
83,83.0,9.695931963295115,265.13279627148694,9.695931963295115,-4.8672037285130045,0.06,0.0,0.33,9.332424814256182,-4.8672037285130045,0.06,15.0,0.22
84,84.0,9.907266255524059,268.1217094011497,9.907266255524059,-1.878290598850299,0.06,0.0,0.33,9.46964300163576,-1.878290598850299,0.06,15.0,0.22
85,85.0,10.378660628982148,226.19843218511582,10.378660628982148,-43.80156781488415,0.06,0.0,0.33,9.46964300163576,-43.80156781488415,0.06,15.0,0.22
86,86.0,10.095704338616502,250.7038242380027,10.095704338616502,-19.296175761997347,0.06,0.0,0.33,9.46964300163576,-19.296175761997347,0.06,15.0,0.22
87,87.0,11.308440105193137,268.5313369175621,11.308440105193137,-1.4686630824378426,0.06,0.0,0.33,9.46964300163576,-1.4686630824378426,0.06,15.0,0.22
88,88.0,10.023196071035624,258.6523307836143,10.023196071035624,-11.347669216385725,0.06,0.0,0.33,9.868035328682932,-11.347669216385725,0.06,15.0,0.22
89,89.0,9.521846706050875,259.4616801526854,9.521846706050875,-10.538319847314597,0.06,0.0,0.33,9.868035328682932,-10.538319847314597,0.06,15.0,0.22
90,90.0,9.497025033229182,238.9255062541658,9.497025033229182,-31.07449374583416,0.06,0.0,0.33,9.868035328682932,-31.07449374583416,0.06,15.0,0.22
91,91.0,10.260657848183792,255.56373751120103,10.260657848183792,-14.436262488799002,0.06,0.0,0.33,9.868035328682932,-14.436262488799002,0.06,15.0,0.22
92,92.0,10.290391308581588,243.58879555462974,10.290391308581588,-26.41120444537023,0.06,0.0,0.33,9.868035328682932,-26.41120444537023,0.06,15.0,0.22
93,93.0,10.037761929181245,232.91758499289176,10.037761929181245,-37.08241500710824,0.06,0.0,0.33,9.868035328682932,-37.08241500710824,0.06,15.0,0.22
94,94.0,10.23648095270929,261.53497625970533,10.23648095270929,-8.465023740294669,0.06,0.0,0.33,9.868035328682932,-8.465023740294669,0.06,15.0,0.22
95,95.0,10.773219226094826,257.4124107506432,10.773219226094826,-12.587589249356824,0.06,0.0,0.33,9.868035328682932,-12.587589249356824,0.06,15.0,0.22
96,96.0,10.364860299810665,252.50235907916547,10.364860299810665,-17.497640920834556,0.06,0.0,0.33,9.868035328682932,-17.497640920834556,0.06,15.0,0.22
97,97.0,10.000165130873437,268.44680206069114,10.000165130873437,-1.5531979393088022,0.06,0.0,0.33,9.868035328682932,-1.5531979393088022,0.06,15.0,0.22
98,98.0,9.737062976920152,245.57843172175797,9.737062976920152,-24.421568278242034,0.06,0.0,0.33,9.868035328682932,-24.421568278242034,0.06,15.0,0.22
99,99.0,9.682677278538875,249.09926415012248,9.682677278538875,-20.900735849877492,0.06,0.0,0.33,9.868035328682932,-20.900735849877492,0.06,15.0,0.22
100,100.0,10.116026928789582,255.2219489627559,10.116026928789582,-14.77805103724404,0.06,0.0,0.33,9.868035328682932,-14.77805103724404,0.06,15.0,0.22
101,101.0,9.829951665841541,237.49371804025813,9.829951665841541,-32.50628195974184,0.06,0.0,0.33,9.868035328682932,-32.50628195974184,0.06,15.0,0.22
102,102.0,10.412392509219893,235.72960855056138,10.412392509219893,-34.27039144943865,0.06,0.0,0.33,9.868035328682932,-34.27039144943865,0.06,15.0,0.22
103,103.0,9.706956374519581,255.44824485232704,9.706956374519581,-14.55175514767302,0.06,0.0,0.33,9.868035328682932,-14.55175514767302,0.06,15.0,0.22
104,104.0,10.545310946441834,247.716742553529,10.545310946441834,-22.283257446470998,0.06,0.0,0.33,9.868035328682932,-22.283257446470998,0.06,15.0,0.22
105,105.0,9.92777036804583,250.47790924450885,9.92777036804583,-19.52209075549115,0.06,0.0,0.33,9.868035328682932,-19.52209075549115,0.06,15.0,0.22
106,106.0,10.126629127484607,246.13502804489764,10.126629127484607,-23.86497195510242,0.06,0.0,0.33,9.868035328682932,-23.86497195510242,0.06,15.0,0.22
107,107.0,9.909585717551435,248.8244615101377,9.909585717551435,-21.175538489862333,0.06,0.0,0.33,9.616817192125303,-21.175538489862333,0.06,15.0,0.22
108,108.0,10.037479875922063,234.80252642226898,10.037479875922063,-35.19747357773099,0.06,0.0,0.33,9.616817192125303,-35.19747357773099,0.06,15.0,0.22
109,109.0,10.057806160961475,229.85646064859284,10.057806160961475,-40.143539351407185,0.06,0.0,0.33,9.616817192125303,-40.143539351407185,0.06,15.0,0.22
110,110.0,9.677762517882222,245.15220608775456,9.677762517882222,-24.84779391224538,0.06,0.0,0.33,9.616817192125303,-24.84779391224538,0.06,15.0,0.22
111,111.0,9.364133211010113,260.3869708652711,9.364133211010113,-9.61302913472889,0.06,0.0,0.33,9.616817192125303,-9.61302913472889,0.06,15.0,0.22
112,112.0,10.079858749268896,268.74381543333914,10.079858749268896,-1.2561845666608633,0.06,0.0,0.33,9.616817192125303,-1.2561845666608633,0.06,15.0,0.22
113,113.0,10.000101997270145,268.42959716596835,10.000101997270145,-1.5704028340317109,0.06,0.0,0.33,9.616817192125303,-1.5704028340317109,0.06,15.0,0.22
114,114.0,10.199518962955798,228.03012830536093,10.199518962955798,-41.969871694639096,0.06,0.0,0.33,9.616817192125303,-41.969871694639096,0.06,15.0,0.22
115,115.0,10.048211097207588,254.8315079003774,10.048211097207588,-15.168492099622654,0.06,0.0,0.33,9.616817192125303,-15.168492099622654,0.06,15.0,0.22
116,116.0,9.376964417451623,231.68436847712036,9.376964417451623,-38.315631522879585,0.06,0.0,0.33,9.616817192125303,-38.315631522879585,0.06,15.0,0.22
117,117.0,10.409682733324054,269.2753874063324,10.409682733324054,-0.7246125936676435,0.06,0.0,0.33,9.616817192125303,-0.7246125936676435,0.06,15.0,0.22
118,118.0,10.144409748827178,270.368243336891,10.144409748827178,0.3682433368909983,0.06,0.0,0.33,9.616817192125303,0.3682433368909983,0.06,15.0,0.22
119,119.0,9.594939348089202,249.63455273489157,9.594939348089202,-20.3654472651084,0.06,0.0,0.33,9.616817192125303,-20.3654472651084,0.06,15.0,0.22
120,120.0,9.087661934235541,244.40544062108603,9.087661934235541,-25.594559378914028,0.06,0.0,0.33,9.616817192125303,-25.594559378914028,0.06,15.0,0.22
121,121.0,10.143331516444322,275.0555851735792,10.143331516444322,5.055585173579175,0.06,0.0,0.33,9.616817192125303,5.055585173579175,0.06,15.0,0.22
122,122.0,10.444009725911103,240.6143938791991,10.444009725911103,-29.385606120800958,0.06,0.0,0.33,9.616817192125303,-29.385606120800958,0.06,15.0,0.22
123,123.0,9.527829954013628,266.5492631083176,9.527829954013628,-3.4507368916824817,0.06,0.0,0.33,9.616817192125303,-3.4507368916824817,0.06,15.0,0.22
124,124.0,9.35465071000045,254.27084494241697,9.35465071000045,-15.729155057583057,0.06,0.0,0.33,9.616817192125303,-15.729155057583057,0.06,15.0,0.22
125,125.0,9.831369679971802,257.7000984385274,9.831369679971802,-12.299901561472552,0.06,0.0,0.33,9.61204043811537,-12.299901561472552,0.06,15.0,0.22
126,126.0,9.346415655803474,276.9481454934073,9.346415655803474,6.94814549340731,0.06,0.0,0.33,9.61204043811537,6.94814549340731,0.06,15.0,0.22
127,127.0,9.66029671445065,241.77884489458378,9.66029671445065,-28.221155105416187,0.06,0.0,0.33,9.61204043811537,-28.221155105416187,0.06,15.0,0.22
128,128.0,9.667193187866824,249.07572225500107,9.667193187866824,-20.924277744998903,0.06,0.0,0.33,9.61204043811537,-20.924277744998903,0.06,15.0,0.22
129,129.0,10.518849570076702,277.23609884591565,10.518849570076702,7.236098845915649,0.06,0.0,0.33,9.61204043811537,7.236098845915649,0.06,15.0,0.22
130,130.0,10.275534384652197,263.3972659360604,10.275534384652197,-6.602734063939579,0.06,0.0,0.33,9.61204043811537,-6.602734063939579,0.06,15.0,0.22
131,131.0,9.632847698200244,236.00565854188272,9.632847698200244,-33.99434145811733,0.06,0.0,0.33,9.61204043811537,-33.99434145811733,0.06,15.0,0.22
132,132.0,10.401146848869843,250.05404756202026,10.401146848869843,-19.945952437979713,0.06,0.0,0.33,9.61204043811537,-19.945952437979713,0.06,15.0,0.22
133,133.0,10.378555653808395,242.21313706156516,10.378555653808395,-27.786862938434865,0.06,0.0,0.33,9.61204043811537,-27.786862938434865,0.06,15.0,0.22
134,134.0,9.576571370844155,283.0748706037455,9.576571370844155,13.074870603745524,0.06,0.0,0.33,9.61204043811537,13.074870603745524,0.06,15.0,0.22
135,135.0,9.078728100650666,258.3522402491365,9.078728100650666,-11.647759750863543,0.06,0.0,0.33,9.61204043811537,-11.647759750863543,0.06,15.0,0.22
136,136.0,9.223115678300575,239.49929063513682,9.223115678300575,-30.500709364863155,0.06,0.0,0.33,9.61204043811537,-30.500709364863155,0.06,15.0,0.22
137,137.0,9.980024781771643,235.5255975872366,9.980024781771643,-34.474402412763425,0.06,0.0,0.33,9.61204043811537,-34.474402412763425,0.06,15.0,0.22
138,138.0,10.14917414754068,242.29311309725995,10.14917414754068,-27.706886902740052,0.06,0.0,0.33,9.61204043811537,-27.706886902740052,0.06,15.0,0.22
139,139.0,10.162128572766985,261.50641347249973,10.162128572766985,-8.49358652750027,0.06,0.0,0.33,9.61204043811537,-8.49358652750027,0.06,15.0,0.22
140,140.0,11.333118514357661,230.06922511256948,11.333118514357661,-39.930774887430516,0.06,0.0,0.33,9.61204043811537,-39.930774887430516,0.06,15.0,0.22
141,141.0,10.353974468416174,253.56138870284988,10.353974468416174,-16.438611297150146,0.06,0.0,0.33,9.61204043811537,-16.438611297150146,0.06,15.0,0.22
142,142.0,10.294034232883611,233.52332586790035,10.294034232883611,-36.476674132099674,0.06,0.0,0.33,9.61204043811537,-36.476674132099674,0.06,15.0,0.22
143,143.0,9.277144488298307,252.38663363517583,9.277144488298307,-17.613366364824174,0.06,0.0,0.33,9.708858756195694,-17.613366364824174,0.06,15.0,0.22
144,144.0,9.70970386799447,250.4861742937884,9.70970386799447,-19.513825706211605,0.06,0.0,0.33,9.708858756195694,-19.513825706211605,0.06,15.0,0.22
145,145.0,10.288895277126898,243.39078062390647,10.288895277126898,-26.609219376093506,0.06,0.0,0.33,9.708858756195694,-26.609219376093506,0.06,15.0,0.22
146,146.0,10.580112895850403,249.5870633682444,10.580112895850403,-20.412936631755656,0.06,0.0,0.33,9.708858756195694,-20.412936631755656,0.06,15.0,0.22
147,147.0,8.974858437452472,236.63003085557258,8.974858437452472,-33.36996914442739,0.06,0.0,0.33,9.606687098322574,-33.36996914442739,0.06,15.0,0.22
148,148.0,10.645007066165864,267.4617752702825,10.645007066165864,-2.5382247297175127,0.06,0.0,0.33,9.606687098322574,-2.5382247297175127,0.06,15.0,0.22
149,149.0,9.939161474637634,241.41473332616934,9.939161474637634,-28.585266673830688,0.06,0.0,0.33,9.731975587630377,-28.585266673830688,0.06,15.0,0.22
150,150.0,9.920288428838424,248.5295493387818,9.920288428838424,-21.470450661218138,0.06,0.0,0.33,10.095704338616502,-21.470450661218138,0.06,15.0,0.22
151,151.0,9.284297836612144,238.2225439001349,9.284297836612144,-31.77745609986505,0.06,0.0,0.33,10.095704338616502,-31.77745609986505,0.06,15.0,0.22
152,152.0,10.081123509663609,246.29700682948,10.081123509663609,-23.702993170520017,0.06,0.0,0.33,10.095704338616502,-23.702993170520017,0.06,15.0,0.22
153,153.0,10.368779820659359,228.6739204287973,10.368779820659359,-41.32607957120274,0.06,0.0,0.33,10.095704338616502,-41.32607957120274,0.06,15.0,0.22
154,154.0,10.088164279472673,256.02837109122714,10.088164279472673,-13.9716289087728,0.06,0.0,0.33,10.095704338616502,-13.9716289087728,0.06,15.0,0.22
155,155.0,11.059445227430077,260.3497053179453,11.059445227430077,-9.650294682054664,0.06,0.0,0.33,10.095704338616502,-9.650294682054664,0.06,15.0,0.22
156,156.0,10.886984982124083,232.45471946527664,10.886984982124083,-37.54528053472336,0.06,0.0,0.33,10.095704338616502,-37.54528053472336,0.06,15.0,0.22
157,157.0,10.193085270725664,243.74302098130767,10.193085270725664,-26.25697901869239,0.06,0.0,0.33,10.095704338616502,-26.25697901869239,0.06,15.0,0.22
158,158.0,10.571802156291113,244.15042118807423,10.571802156291113,-25.849578811925767,0.06,0.0,0.33,10.095704338616502,-25.849578811925767,0.06,15.0,0.22
159,159.0,9.722212031467818,246.0754714533391,9.722212031467818,-23.924528546660895,0.06,0.0,0.33,10.095704338616502,-23.924528546660895,0.06,15.0,0.22
160,160.0,10.090297896603824,259.1122418135094,10.090297896603824,-10.8877581864906,0.06,0.0,0.33,10.095704338616502,-10.8877581864906,0.06,15.0,0.22
161,161.0,9.652858830562232,272.78853296991025,9.652858830562232,2.78853296991025,0.06,0.0,0.33,10.095704338616502,2.78853296991025,0.06,15.0,0.22
162,162.0,9.437660878397931,260.04980213150395,9.437660878397931,-9.950197868496048,0.06,0.0,0.33,10.095704338616502,-9.950197868496048,0.06,15.0,0.22
163,163.0,10.145369569325636,258.55340504746295,10.145369569325636,-11.446594952536998,0.06,0.0,0.33,10.095704338616502,-11.446594952536998,0.06,15.0,0.22
164,164.0,10.0331384744026,250.95808888722704,10.0331384744026,-19.041911112772937,0.06,0.0,0.33,10.23648095270929,-19.041911112772937,0.06,15.0,0.22
165,165.0,9.976911769855086,264.62407376099287,9.976911769855086,-5.375926239007185,0.06,0.0,0.33,10.23648095270929,-5.375926239007185,0.06,15.0,0.22
166,166.0,10.297533210746959,254.72758516806192,10.297533210746959,-15.272414831938022,0.06,0.0,0.33,10.23648095270929,-15.272414831938022,0.06,15.0,0.22
167,167.0,9.880754534414566,232.50606281317386,9.880754534414566,-37.49393718682609,0.06,0.0,0.33,10.23648095270929,-37.49393718682609,0.06,15.0,0.22
168,168.0,10.635609388072776,250.94384817724685,10.635609388072776,-19.056151822753122,0.06,0.0,0.33,10.23648095270929,-19.056151822753122,0.06,15.0,0.22
169,169.0,10.60444732422257,219.46567196753048,10.60444732422257,-50.53432803246949,0.06,0.0,0.33,10.23648095270929,-50.53432803246949,0.06,15.0,0.22
170,170.0,9.930379458843332,246.67211500098873,9.930379458843332,-23.327884999011303,0.06,0.0,0.33,10.23648095270929,-23.327884999011303,0.06,15.0,0.22
171,171.0,9.688791969534774,236.99891778478369,9.688791969534774,-33.00108221521634,0.06,0.0,0.33,10.23648095270929,-33.00108221521634,0.06,15.0,0.22
172,172.0,9.1362923916533,242.0377629604859,9.1362923916533,-27.962237039514093,0.06,0.0,0.33,10.23648095270929,-27.962237039514093,0.06,15.0,0.22
173,173.0,10.007660586119496,235.18249240748747,10.007660586119496,-34.817507592512584,0.06,0.0,0.33,10.23648095270929,-34.817507592512584,0.06,15.0,0.22
174,174.0,11.00919856525835,244.2555937389821,11.00919856525835,-25.744406261017957,0.06,0.0,0.33,10.23648095270929,-25.744406261017957,0.06,15.0,0.22
175,175.0,10.01531820318327,246.87563333079285,10.01531820318327,-23.12436666920712,0.06,0.0,0.33,10.23648095270929,-23.12436666920712,0.06,15.0,0.22
176,176.0,10.973966814153751,264.93166508422047,10.973966814153751,-5.068334915779587,0.06,0.0,0.33,9.706956374519581,-5.068334915779587,0.06,15.0,0.22
177,177.0,9.655018086099595,241.10684702292073,9.655018086099595,-28.89315297707924,0.06,0.0,0.33,9.677762517882222,-28.89315297707924,0.06,15.0,0.22
178,178.0,10.141058805555838,256.5781298980238,10.141058805555838,-13.421870101976197,0.06,0.0,0.33,9.677762517882222,-13.421870101976197,0.06,15.0,0.22
179,179.0,9.624406710859772,253.98613914538717,9.624406710859772,-16.013860854612858,0.06,0.0,0.33,9.677762517882222,-16.013860854612858,0.06,15.0,0.22
180,180.0,10.134502451777369,245.69531244513854,10.134502451777369,-24.304687554861403,0.06,0.0,0.33,9.677762517882222,-24.304687554861403,0.06,15.0,0.22
181,181.0,10.29426214959561,220.77548148280698,10.29426214959561,-49.22451851719302,0.06,0.0,0.33,10.048211097207588,-49.22451851719302,0.06,15.0,0.22
182,182.0,9.54048179233899,242.01481575489558,9.54048179233899,-27.985184245104392,0.06,0.0,0.33,10.048211097207588,-27.985184245104392,0.06,15.0,0.22
183,183.0,9.7283230107955,243.10074347277552,9.7283230107955,-26.899256527224452,0.06,0.0,0.33,10.048211097207588,-26.899256527224452,0.06,15.0,0.22
184,184.0,10.383811683205728,274.46041161834466,10.383811683205728,4.460411618344665,0.06,0.0,0.33,10.048211097207588,4.460411618344665,0.06,15.0,0.22
185,185.0,9.066804660074775,251.57478051980203,9.066804660074775,-18.42521948019794,0.06,0.0,0.33,10.048211097207588,-18.42521948019794,0.06,15.0,0.22
186,186.0,10.095119279823663,252.6594218488504,10.095119279823663,-17.340578151149657,0.06,0.0,0.33,10.409682733324054,-17.340578151149657,0.06,15.0,0.22
187,187.0,8.667143794140257,248.6987911732726,8.667143794140257,-21.30120882672736,0.06,0.0,0.33,10.409682733324054,-21.30120882672736,0.06,15.0,0.22
188,188.0,9.35041140016862,266.45036517437563,9.35041140016862,-3.5496348256243664,0.06,0.0,0.33,10.409682733324054,-3.5496348256243664,0.06,15.0,0.22
189,189.0,10.025722442741458,261.4550925835245,10.025722442741458,-8.544907416475553,0.06,0.0,0.33,10.409682733324054,-8.544907416475553,0.06,15.0,0.22
190,190.0,9.985035962200012,232.3278631605576,9.985035962200012,-37.67213683944237,0.06,0.0,0.33,10.409682733324054,-37.67213683944237,0.06,15.0,0.22
191,191.0,10.311081087129123,233.78422816968222,10.311081087129123,-36.21577183031775,0.06,0.0,0.33,10.409682733324054,-36.21577183031775,0.06,15.0,0.22
192,192.0,9.75292912548827,232.02000680681155,9.75292912548827,-37.97999319318842,0.06,0.0,0.33,10.409682733324054,-37.97999319318842,0.06,15.0,0.22
193,193.0,8.9849450472318,252.6694609140874,8.9849450472318,-17.33053908591262,0.06,0.0,0.33,10.409682733324054,-17.33053908591262,0.06,15.0,0.22
194,194.0,9.644309442799813,241.76623885613623,9.644309442799813,-28.23376114386383,0.06,0.0,0.33,10.409682733324054,-28.23376114386383,0.06,15.0,0.22
195,195.0,10.01686029161139,225.84685076931027,10.01686029161139,-44.15314923068968,0.06,0.0,0.33,10.409682733324054,-44.15314923068968,0.06,15.0,0.22
196,196.0,10.352463867592839,236.5213872242258,10.352463867592839,-33.478612775774195,0.06,0.0,0.33,10.409682733324054,-33.478612775774195,0.06,15.0,0.22
197,197.0,10.009434933597499,228.2523717612048,10.009434933597499,-41.74762823879519,0.06,0.0,0.33,10.409682733324054,-41.74762823879519,0.06,15.0,0.22
198,198.0,9.100508690886642,270.59409178127146,9.100508690886642,0.5940917812714588,0.06,0.0,0.33,10.409682733324054,0.5940917812714588,0.06,15.0,0.22
199,199.0,9.827108948699959,261.99264252455265,9.827108948699959,-8.007357475447407,0.06,0.0,0.33,10.409682733324054,-8.007357475447407,0.06,15.0,0.22
200,200.0,9.04695336177844,254.1705421588207,9.04695336177844,-15.829457841179305,0.06,0.0,0.33,9.527829954013628,-15.829457841179305,0.06,15.0,0.22
201,201.0,10.023725230816007,264.77787189884776,10.023725230816007,-5.222128101152293,0.06,0.0,0.33,9.527829954013628,-5.222128101152293,0.06,15.0,0.22
202,202.0,9.705481940042626,250.4947598974719,9.705481940042626,-19.50524010252809,0.06,0.0,0.33,9.527829954013628,-19.50524010252809,0.06,15.0,0.22
203,203.0,9.649425719125293,262.9572529549267,9.649425719125293,-7.042747045073384,0.06,0.0,0.33,9.527829954013628,-7.042747045073384,0.06,15.0,0.22
204,204.0,10.062955452438203,244.10402928833582,10.062955452438203,-25.895970711664177,0.06,0.0,0.33,9.527829954013628,-25.895970711664177,0.06,15.0,0.22
205,205.0,11.198148180555627,255.86587755251523,11.198148180555627,-14.134122447484742,0.06,0.0,0.33,10.401146848869843,-14.134122447484742,0.06,15.0,0.22
206,206.0,9.934774044644886,260.310395995255,9.934774044644886,-9.689604004744979,0.06,0.0,0.33,10.401146848869843,-9.689604004744979,0.06,15.0,0.22
207,207.0,10.424005521821693,237.89019269644152,10.424005521821693,-32.109807303558455,0.06,0.0,0.33,10.401146848869843,-32.109807303558455,0.06,15.0,0.22
208,208.0,10.643093885165156,262.9949592896456,10.643093885165156,-7.0050407103544785,0.06,0.0,0.33,10.401146848869843,-7.0050407103544785,0.06,15.0,0.22
209,209.0,10.211258819627709,252.6201924527327,10.211258819627709,-17.37980754726732,0.06,0.0,0.33,10.353974468416174,-17.37980754726732,0.06,15.0,0.22
210,210.0,10.027347079675087,255.56040267839373,10.027347079675087,-14.439597321606243,0.06,0.0,0.33,10.353974468416174,-14.439597321606243,0.06,15.0,0.22
211,211.0,10.700020683661998,268.2295283032678,10.700020683661998,-1.7704716967322156,0.06,0.0,0.33,10.353974468416174,-1.7704716967322156,0.06,15.0,0.22
212,212.0,10.495302188553692,243.6331451947558,10.495302188553692,-26.366854805244202,0.06,0.0,0.33,10.353974468416174,-26.366854805244202,0.06,15.0,0.22
213,213.0,10.03206101195047,239.1199269635002,10.03206101195047,-30.880073036499766,0.06,0.0,0.33,10.353974468416174,-30.880073036499766,0.06,15.0,0.22
214,214.0,8.810712528133168,242.04772758032962,8.810712528133168,-27.952272419670408,0.06,0.0,0.33,9.277144488298307,-27.952272419670408,0.06,15.0,0.22
215,215.0,10.382170367797459,240.61585411111972,10.382170367797459,-29.38414588888031,0.06,0.0,0.33,9.277144488298307,-29.38414588888031,0.06,15.0,0.22
216,216.0,10.02082687430861,242.88953049519745,10.02082687430861,-27.110469504802495,0.06,0.0,0.33,9.277144488298307,-27.110469504802495,0.06,15.0,0.22
217,217.0,9.511297149807985,242.97389927602268,9.511297149807985,-27.02610072397738,0.06,0.0,0.33,9.277144488298307,-27.02610072397738,0.06,15.0,0.22
218,218.0,11.043540003930898,232.35843685825512,11.043540003930898,-37.64156314174488,0.06,0.0,0.33,9.277144488298307,-37.64156314174488,0.06,15.0,0.22
219,219.0,10.33491079709559,260.7484806802424,10.33491079709559,-9.251519319757563,0.06,0.0,0.33,9.277144488298307,-9.251519319757563,0.06,15.0,0.22
220,220.0,9.959100398138732,259.44296727932726,9.959100398138732,-10.557032720672737,0.06,0.0,0.33,10.088164279472673,-10.557032720672737,0.06,15.0,0.22
221,221.0,9.878949839410604,267.5390094352514,9.878949839410604,-2.460990564748613,0.06,0.0,0.33,10.088164279472673,-2.460990564748613,0.06,15.0,0.22
222,222.0,9.931674663002624,244.7337285502019,9.931674663002624,-25.26627144979807,0.06,0.0,0.33,10.088164279472673,-25.26627144979807,0.06,15.0,0.22
223,223.0,10.751570836958415,248.68863814380114,10.751570836958415,-21.3113618561988,0.06,0.0,0.33,10.088164279472673,-21.3113618561988,0.06,15.0,0.22
224,224.0,10.630788896919114,240.33187162474422,10.630788896919114,-29.66812837525572,0.06,0.0,0.33,10.088164279472673,-29.66812837525572,0.06,15.0,0.22
225,225.0,9.668562411156818,268.2047228392424,9.668562411156818,-1.7952771607576778,0.06,0.0,0.33,10.088164279472673,-1.7952771607576778,0.06,15.0,0.22
226,226.0,10.302937423346844,242.64957133490083,10.302937423346844,-27.350428665099116,0.06,0.0,0.33,9.930379458843332,-27.350428665099116,0.06,15.0,0.22
227,227.0,9.285986863484068,245.04335591870336,9.285986863484068,-24.956644081296645,0.06,0.0,0.33,9.930379458843332,-24.956644081296645,0.06,15.0,0.22
228,228.0,10.76955297548884,248.14862590799763,10.76955297548884,-21.851374092002402,0.06,0.0,0.33,9.930379458843332,-21.851374092002402,0.06,15.0,0.22
229,229.0,9.810385394551972,242.6638517500783,9.810385394551972,-27.336148249921735,0.06,0.0,0.33,9.930379458843332,-27.336148249921735,0.06,15.0,0.22
230,230.0,10.416389573186521,228.04526918629077,10.416389573186521,-41.95473081370926,0.06,0.0,0.33,9.930379458843332,-41.95473081370926,0.06,15.0,0.22
231,231.0,9.74394180966091,262.6074503337449,9.74394180966091,-7.392549666255036,0.06,0.0,0.33,9.930379458843332,-7.392549666255036,0.06,15.0,0.22
232,232.0,10.312931316785342,238.6877003049287,10.312931316785342,-31.31229969507126,0.06,0.0,0.33,9.930379458843332,-31.31229969507126,0.06,15.0,0.22
233,233.0,9.723845606918406,232.6469094893478,9.723845606918406,-37.35309051065224,0.06,0.0,0.33,9.930379458843332,-37.35309051065224,0.06,15.0,0.22
234,234.0,9.85724138791932,264.8871949821085,9.85724138791932,-5.11280501789156,0.06,0.0,0.33,9.930379458843332,-5.11280501789156,0.06,15.0,0.22
235,235.0,10.225584495160678,255.4864029359263,10.225584495160678,-14.513597064073679,0.06,0.0,0.33,9.930379458843332,-14.513597064073679,0.06,15.0,0.22
236,236.0,10.489922224941429,249.06164672530196,10.489922224941429,-20.938353274698102,0.06,0.0,0.33,9.930379458843332,-20.938353274698102,0.06,15.0,0.22
237,237.0,10.417022602127224,263.13990708132695,10.417022602127224,-6.86009291867299,0.06,0.0,0.33,9.930379458843332,-6.86009291867299,0.06,15.0,0.22
238,238.0,10.373642738806364,251.83417300981313,10.373642738806364,-18.165826990186815,0.06,0.0,0.33,9.930379458843332,-18.165826990186815,0.06,15.0,0.22
239,239.0,9.455393634955517,220.18233829219167,9.455393634955517,-49.817661707808384,0.06,0.0,0.33,9.930379458843332,-49.817661707808384,0.06,15.0,0.22
240,240.0,10.397616968387407,274.18181449039986,10.397616968387407,4.181814490399859,0.06,0.0,0.33,9.54048179233899,4.181814490399859,0.06,15.0,0.22
241,241.0,10.297096666303574,252.3902172518702,10.297096666303574,-17.60978274812976,0.06,0.0,0.33,9.54048179233899,-17.60978274812976,0.06,15.0,0.22
242,242.0,10.19465525117523,241.5360975717349,10.19465525117523,-28.4639024282651,0.06,0.0,0.33,9.54048179233899,-28.4639024282651,0.06,15.0,0.22
243,243.0,9.447684336013735,283.4464786508726,9.447684336013735,13.44647865087262,0.06,0.0,0.33,9.54048179233899,13.44647865087262,0.06,15.0,0.22
244,244.0,10.689172669518193,242.75185016613966,10.689172669518193,-27.24814983386034,0.06,0.0,0.33,9.54048179233899,-27.24814983386034,0.06,15.0,0.22
245,245.0,9.688513861609538,241.06890501359538,9.688513861609538,-28.93109498640456,0.06,0.0,0.33,9.54048179233899,-28.93109498640456,0.06,15.0,0.22
246,246.0,10.2219145258065,252.94166217713715,10.2219145258065,-17.05833782286288,0.06,0.0,0.33,9.54048179233899,-17.05833782286288,0.06,15.0,0.22
247,247.0,9.913784092475067,225.3299604388348,9.913784092475067,-44.67003956116514,0.06,0.0,0.33,9.54048179233899,-44.67003956116514,0.06,15.0,0.22
248,248.0,9.795243540255319,240.09186131854992,9.795243540255319,-29.908138681450055,0.06,0.0,0.33,9.54048179233899,-29.908138681450055,0.06,15.0,0.22
249,249.0,9.762113716333062,241.20391380978944,9.762113716333062,-28.79608619021053,0.06,0.0,0.33,9.54048179233899,-28.79608619021053,0.06,15.0,0.22
250,250.0,10.519498466527653,233.07952401538796,10.519498466527653,-36.92047598461204,0.06,0.0,0.33,9.54048179233899,-36.92047598461204,0.06,15.0,0.22
251,251.0,10.50901765542294,237.94717499063873,10.50901765542294,-32.0528250093613,0.06,0.0,0.33,9.54048179233899,-32.0528250093613,0.06,15.0,0.22
252,252.0,10.762674014050392,244.4312520377586,10.762674014050392,-25.568747962241332,0.06,0.0,0.33,9.54048179233899,-25.568747962241332,0.06,15.0,0.22
253,253.0,9.863214834038404,247.8519143462619,9.863214834038404,-22.14808565373812,0.06,0.0,0.33,9.54048179233899,-22.14808565373812,0.06,15.0,0.22
254,254.0,9.490861843339014,249.6902657171833,9.490861843339014,-20.309734282816635,0.06,0.0,0.33,9.54048179233899,-20.309734282816635,0.06,15.0,0.22
255,255.0,9.577800061535783,254.7650282821806,9.577800061535783,-15.234971717819462,0.06,0.0,0.33,9.54048179233899,-15.234971717819462,0.06,15.0,0.22
256,256.0,10.27822440225615,241.05946066411997,10.27822440225615,-28.940539335879976,0.06,0.0,0.33,9.54048179233899,-28.940539335879976,0.06,15.0,0.22
257,257.0,10.365999205884432,277.0053386274117,10.365999205884432,7.005338627411675,0.06,0.0,0.33,9.54048179233899,7.005338627411675,0.06,15.0,0.22
258,258.0,9.7374751280226,262.6367710023885,9.7374751280226,-7.363228997611486,0.06,0.0,0.33,9.54048179233899,-7.363228997611486,0.06,15.0,0.22
259,259.0,10.313955763516258,237.03444223342697,10.313955763516258,-32.965557766573056,0.06,0.0,0.33,10.352463867592839,-32.965557766573056,0.06,15.0,0.22
260,260.0,10.903199166052975,249.31134989829886,10.903199166052975,-20.688650101701114,0.06,0.0,0.33,10.352463867592839,-20.688650101701114,0.06,15.0,0.22
261,261.0,9.26964907843536,236.32939719401446,9.26964907843536,-33.67060280598548,0.06,0.0,0.33,10.352463867592839,-33.67060280598548,0.06,15.0,0.22
262,262.0,9.923855817871907,256.43272625464084,9.923855817871907,-13.567273745359216,0.06,0.0,0.33,10.352463867592839,-13.567273745359216,0.06,15.0,0.22
263,263.0,9.876150914517114,255.20851586881017,9.876150914517114,-14.791484131189804,0.06,0.0,0.33,10.352463867592839,-14.791484131189804,0.06,15.0,0.22
264,264.0,9.33037264767579,262.8814739947678,9.33037264767579,-7.118526005232184,0.06,0.0,0.33,9.100508690886642,-7.118526005232184,0.06,15.0,0.22
265,265.0,9.626236786777483,252.75088448731762,9.626236786777483,-17.24911551268235,0.06,0.0,0.33,9.100508690886642,-17.24911551268235,0.06,15.0,0.22
266,266.0,10.285674593063211,239.31031501698482,10.285674593063211,-30.68968498301524,0.06,0.0,0.33,9.100508690886642,-30.68968498301524,0.06,15.0,0.22
267,267.0,10.52803250563736,241.1764414055814,10.52803250563736,-28.823558594418614,0.06,0.0,0.33,9.100508690886642,-28.823558594418614,0.06,15.0,0.22
268,268.0,10.31604738470457,246.32353831739965,10.31604738470457,-23.676461682600348,0.06,0.0,0.33,9.100508690886642,-23.676461682600348,0.06,15.0,0.22
269,269.0,10.355761952752504,254.84197713988905,10.355761952752504,-15.158022860110918,0.06,0.0,0.33,9.100508690886642,-15.158022860110918,0.06,15.0,0.22
270,270.0,10.397404444133953,242.51795842612506,10.397404444133953,-27.482041573874994,0.06,0.0,0.33,9.100508690886642,-27.482041573874994,0.06,15.0,0.22
271,271.0,10.31369166854355,258.98495916136784,10.31369166854355,-11.015040838632103,0.06,0.0,0.33,9.100508690886642,-11.015040838632103,0.06,15.0,0.22
272,272.0,10.737284505161943,215.68720901091785,10.737284505161943,-54.312790989082146,0.06,0.0,0.33,9.100508690886642,-54.312790989082146,0.06,15.0,0.22
273,273.0,10.14840969872721,254.00460734552487,10.14840969872721,-15.995392654475154,0.06,0.0,0.33,9.100508690886642,-15.995392654475154,0.06,15.0,0.22
274,274.0,9.477216229082297,225.37741919204132,9.477216229082297,-44.622580807958684,0.06,0.0,0.33,9.100508690886642,-44.622580807958684,0.06,15.0,0.22
275,275.0,10.119235464814574,264.2844565876154,10.119235464814574,-5.715543412384591,0.06,0.0,0.33,9.100508690886642,-5.715543412384591,0.06,15.0,0.22
276,276.0,10.32244780787121,241.3492117084138,10.32244780787121,-28.650788291586196,0.06,0.0,0.33,9.100508690886642,-28.650788291586196,0.06,15.0,0.22
277,277.0,9.792178923566865,219.9036407197862,9.792178923566865,-50.096359280213846,0.06,0.0,0.33,9.100508690886642,-50.096359280213846,0.06,15.0,0.22
278,278.0,8.995514758577531,249.07690735877762,8.995514758577531,-20.92309264122241,0.06,0.0,0.33,9.100508690886642,-20.92309264122241,0.06,15.0,0.22
279,279.0,9.535491639539039,255.11978384818983,9.535491639539039,-14.880216151810146,0.06,0.0,0.33,9.100508690886642,-14.880216151810146,0.06,15.0,0.22
280,280.0,10.275865955621358,267.24358216175034,10.275865955621358,-2.7564178382497175,0.06,0.0,0.33,9.100508690886642,-2.7564178382497175,0.06,15.0,0.22
281,281.0,9.585328999783743,250.8238344200887,9.585328999783743,-19.1761655799113,0.06,0.0,0.33,9.100508690886642,-19.1761655799113,0.06,15.0,0.22
282,282.0,9.7894856432,252.54588805040365,9.7894856432,-17.45411194959638,0.06,0.0,0.33,9.100508690886642,-17.45411194959638,0.06,15.0,0.22
283,283.0,9.914513487342964,252.40128709501244,9.914513487342964,-17.598712904987565,0.06,0.0,0.33,10.643093885165156,-17.598712904987565,0.06,15.0,0.22
284,284.0,9.315343887247257,266.8264470641406,9.315343887247257,-3.173552935859334,0.06,0.0,0.33,10.643093885165156,-3.173552935859334,0.06,15.0,0.22
285,285.0,8.835426508611148,251.292446135838,8.835426508611148,-18.707553864162037,0.06,0.0,0.33,10.643093885165156,-18.707553864162037,0.06,15.0,0.22
286,286.0,9.747778324995771,258.5200296128091,9.747778324995771,-11.47997038719086,0.06,0.0,0.33,10.643093885165156,-11.47997038719086,0.06,15.0,0.22
287,287.0,10.016035077751889,251.07269678908838,10.016035077751889,-18.927303210911646,0.06,0.0,0.33,10.643093885165156,-18.927303210911646,0.06,15.0,0.22
288,288.0,10.061167529128936,251.57600643287148,10.061167529128936,-18.42399356712849,0.06,0.0,0.33,10.643093885165156,-18.42399356712849,0.06,15.0,0.22
289,289.0,10.276152981750545,238.63708060038087,10.276152981750545,-31.36291939961916,0.06,0.0,0.33,10.33491079709559,-31.36291939961916,0.06,15.0,0.22
290,290.0,9.805010544489164,251.0695524233725,9.805010544489164,-18.930447576627557,0.06,0.0,0.33,10.33491079709559,-18.930447576627557,0.06,15.0,0.22
291,291.0,10.52066805354563,256.57821605864683,10.52066805354563,-13.42178394135317,0.06,0.0,0.33,10.33491079709559,-13.42178394135317,0.06,15.0,0.22
292,292.0,10.184810936790106,215.14556678452857,10.184810936790106,-54.85443321547143,0.06,0.0,0.33,10.33491079709559,-54.85443321547143,0.06,15.0,0.22
293,293.0,9.338245608519395,238.79627029927542,9.338245608519395,-31.20372970072458,0.06,0.0,0.33,10.33491079709559,-31.20372970072458,0.06,15.0,0.22
294,294.0,10.900213867366485,246.86985980675362,10.900213867366485,-23.130140193246348,0.06,0.0,0.33,10.33491079709559,-23.130140193246348,0.06,15.0,0.22
295,295.0,9.979601187746354,230.19549803739216,9.979601187746354,-39.8045019626079,0.06,0.0,0.33,10.33491079709559,-39.8045019626079,0.06,15.0,0.22
296,296.0,10.467237987638223,236.00829445451058,10.467237987638223,-33.99170554548937,0.06,0.0,0.33,10.33491079709559,-33.99170554548937,0.06,15.0,0.22
297,297.0,10.236656252539312,253.7504719122811,10.236656252539312,-16.249528087718886,0.06,0.0,0.33,10.397616968387407,-16.249528087718886,0.06,15.0,0.22
298,298.0,9.792246020663264,261.6536128719594,9.792246020663264,-8.346387128040533,0.06,0.0,0.33,10.397616968387407,-8.346387128040533,0.06,15.0,0.22
299,299.0,10.635333322210714,272.8784092264591,10.635333322210714,2.878409226459098,0.06,0.0,0.33,10.397616968387407,2.878409226459098,0.06,15.0,0.22
300,300.0,10.230259054979113,252.40981384974603,10.230259054979113,-17.590186150254,0.06,0.0,0.33,10.397616968387407,-17.590186150254,0.06,15.0,0.22
301,301.0,10.27529492947865,249.38733225793317,10.27529492947865,-20.612667742066833,0.06,0.0,0.33,10.397616968387407,-20.612667742066833,0.06,15.0,0.22
302,302.0,10.939536724696232,274.99605486538104,10.939536724696232,4.996054865381041,0.06,0.0,0.33,10.397616968387407,4.996054865381041,0.06,15.0,0.22
303,303.0,9.462369974589345,274.04494122665443,9.462369974589345,4.04494122665443,0.06,0.0,0.33,10.397616968387407,4.04494122665443,0.06,15.0,0.22
304,304.0,9.154784086966599,277.0283578645483,9.154784086966599,7.028357864548298,0.06,0.0,0.33,10.397616968387407,7.028357864548298,0.06,15.0,0.22
305,305.0,10.152496711556257,236.87534260969727,10.152496711556257,-33.12465739030267,0.06,0.0,0.33,10.397616968387407,-33.12465739030267,0.06,15.0,0.22
306,306.0,10.62043888175869,244.36339820425033,10.62043888175869,-25.636601795749698,0.06,0.0,0.33,10.397616968387407,-25.636601795749698,0.06,15.0,0.22
307,307.0,10.436228753736843,249.70049395765352,10.436228753736843,-20.29950604234648,0.06,0.0,0.33,10.397616968387407,-20.29950604234648,0.06,15.0,0.22
308,308.0,9.493143428855381,246.85205361166084,9.493143428855381,-23.147946388339165,0.06,0.0,0.33,10.397616968387407,-23.147946388339165,0.06,15.0,0.22
309,309.0,10.292089234789339,227.29664774683687,10.292089234789339,-42.703352253163075,0.06,0.0,0.33,10.397616968387407,-42.703352253163075,0.06,15.0,0.22
310,310.0,10.566198828910526,252.60548329551904,10.566198828910526,-17.39451670448102,0.06,0.0,0.33,10.397616968387407,-17.39451670448102,0.06,15.0,0.22
311,311.0,9.90125258313575,250.16160351961668,9.90125258313575,-19.83839648038338,0.06,0.0,0.33,9.795243540255319,-19.83839648038338,0.06,15.0,0.22
312,312.0,9.930148783276467,257.81001527513024,9.930148783276467,-12.18998472486976,0.06,0.0,0.33,9.795243540255319,-12.18998472486976,0.06,15.0,0.22
313,313.0,9.882697874521707,246.36880466843186,9.882697874521707,-23.631195331568165,0.06,0.0,0.33,9.795243540255319,-23.631195331568165,0.06,15.0,0.22
314,314.0,9.956322310592705,233.78054162075873,9.956322310592705,-36.219458379241246,0.06,0.0,0.33,9.795243540255319,-36.219458379241246,0.06,15.0,0.22
315,315.0,10.849197796857458,260.0584082499755,10.849197796857458,-9.941591750024486,0.06,0.0,0.33,9.795243540255319,-9.941591750024486,0.06,15.0,0.22
316,316.0,9.568297511241543,258.3185548346558,9.568297511241543,-11.681445165344257,0.06,0.0,0.33,9.795243540255319,-11.681445165344257,0.06,15.0,0.22
317,317.0,10.456269508310069,245.38196079324163,10.456269508310069,-24.61803920675834,0.06,0.0,0.33,9.795243540255319,-24.61803920675834,0.06,15.0,0.22
318,318.0,10.246318699644004,263.8111749834224,10.246318699644004,-6.188825016577539,0.06,0.0,0.33,9.795243540255319,-6.188825016577539,0.06,15.0,0.22
319,319.0,8.881897543407701,262.6615790491785,8.881897543407701,-7.338420950821501,0.06,0.0,0.33,9.795243540255319,-7.338420950821501,0.06,15.0,0.22
320,320.0,8.57615463551583,258.244475024594,8.57615463551583,-11.755524975405933,0.06,0.0,0.33,9.795243540255319,-11.755524975405933,0.06,15.0,0.22
321,321.0,10.220542160412357,243.57207466557028,10.220542160412357,-26.427925334429688,0.06,0.0,0.33,9.795243540255319,-26.427925334429688,0.06,15.0,0.22
322,322.0,9.148589871599196,234.99955261276773,9.148589871599196,-35.00044738723227,0.06,0.0,0.33,10.50901765542294,-35.00044738723227,0.06,15.0,0.22
323,323.0,10.079180043538882,236.55999491927003,10.079180043538882,-33.440005080729975,0.06,0.0,0.33,10.50901765542294,-33.440005080729975,0.06,15.0,0.22
324,324.0,9.442822271642141,270.17551865794496,9.442822271642141,0.1755186579449628,0.06,0.0,0.33,10.14840969872721,0.1755186579449628,0.06,15.0,0.22
325,325.0,10.308778780354254,251.63425718374873,10.308778780354254,-18.365742816251213,0.06,0.0,0.33,10.14840969872721,-18.365742816251213,0.06,15.0,0.22
326,326.0,9.272792511672044,252.72788511520423,9.272792511672044,-17.27211488479577,0.06,0.0,0.33,10.14840969872721,-17.27211488479577,0.06,15.0,0.22
327,327.0,9.390122870859097,244.04490149830713,9.390122870859097,-25.955098501692873,0.06,0.0,0.33,10.14840969872721,-25.955098501692873,0.06,15.0,0.22
328,328.0,9.552898023682745,242.37002623710822,9.552898023682745,-27.629973762891723,0.06,0.0,0.33,10.14840969872721,-27.629973762891723,0.06,15.0,0.22
329,329.0,9.331247703553052,231.65218501595885,9.331247703553052,-38.34781498404118,0.06,0.0,0.33,10.14840969872721,-38.34781498404118,0.06,15.0,0.22
330,330.0,9.814690470954977,246.71207523194582,9.814690470954977,-23.287924768054154,0.06,0.0,0.33,10.14840969872721,-23.287924768054154,0.06,15.0,0.22
331,331.0,9.652197064756596,251.43453183648072,9.652197064756596,-18.565468163519313,0.06,0.0,0.33,10.14840969872721,-18.565468163519313,0.06,15.0,0.22
332,332.0,9.567488107365817,234.13373518086237,9.567488107365817,-35.866264819137655,0.06,0.0,0.33,10.14840969872721,-35.866264819137655,0.06,15.0,0.22
333,333.0,9.830935119785863,271.08734279653123,9.830935119785863,1.0873427965312317,0.06,0.0,0.33,10.14840969872721,1.0873427965312317,0.06,15.0,0.22
334,334.0,9.952434326472062,249.16303377891256,9.952434326472062,-20.836966221087437,0.06,0.0,0.33,10.14840969872721,-20.836966221087437,0.06,15.0,0.22
335,335.0,9.27504108724257,244.2879086927651,9.27504108724257,-25.712091307234914,0.06,0.0,0.33,8.995514758577531,-25.712091307234914,0.06,15.0,0.22
336,336.0,10.24503239031896,246.30014292428794,10.24503239031896,-23.69985707571209,0.06,0.0,0.33,8.995514758577531,-23.69985707571209,0.06,15.0,0.22
337,337.0,9.521756961549299,241.6592287322032,9.521756961549299,-28.340771267796754,0.06,0.0,0.33,8.995514758577531,-28.340771267796754,0.06,15.0,0.22
338,338.0,9.535656406718624,253.26049981530105,9.535656406718624,-16.739500184698954,0.06,0.0,0.33,8.995514758577531,-16.739500184698954,0.06,15.0,0.22
339,339.0,10.651518784544656,254.53567902379123,10.651518784544656,-15.464320976208796,0.06,0.0,0.33,8.995514758577531,-15.464320976208796,0.06,15.0,0.22
340,340.0,10.224191917341345,263.8960863953402,10.224191917341345,-6.103913604659738,0.06,0.0,0.33,8.995514758577531,-6.103913604659738,0.06,15.0,0.22
341,341.0,9.418940512126948,246.22565587589807,9.418940512126948,-23.774344124101958,0.06,0.0,0.33,8.995514758577531,-23.774344124101958,0.06,15.0,0.22
342,342.0,9.48630610969446,290.3554933959723,9.48630610969446,20.355493395972303,0.06,0.0,0.33,8.995514758577531,20.355493395972303,0.06,15.0,0.22
343,343.0,10.354899611034323,258.7543027869646,10.354899611034323,-11.245697213035328,0.06,0.0,0.33,8.995514758577531,-11.245697213035328,0.06,15.0,0.22
344,344.0,10.219015562550943,237.61175285386557,10.219015562550943,-32.388247146134404,0.06,0.0,0.33,9.338245608519395,-32.388247146134404,0.06,15.0,0.22
345,345.0,9.370249136074477,257.25711176576647,9.370249136074477,-12.742888234233533,0.06,0.0,0.33,9.338245608519395,-12.742888234233533,0.06,15.0,0.22
346,346.0,10.38728912468185,270.361285723886,10.38728912468185,0.3612857238859988,0.06,0.0,0.33,9.338245608519395,0.3612857238859988,0.06,15.0,0.22
347,347.0,10.000662171116804,247.7379586128951,10.000662171116804,-22.262041387104887,0.06,0.0,0.33,9.338245608519395,-22.262041387104887,0.06,15.0,0.22
348,348.0,10.5891708553474,246.18040794965884,10.5891708553474,-23.819592050341157,0.06,0.0,0.33,9.338245608519395,-23.819592050341157,0.06,15.0,0.22
349,349.0,10.109718776953908,264.0867263980935,10.109718776953908,-5.91327360190644,0.06,0.0,0.33,9.338245608519395,-5.91327360190644,0.06,15.0,0.22
350,350.0,8.758392217374366,276.89120536416596,8.758392217374366,6.891205364165955,0.06,0.0,0.33,9.338245608519395,6.891205364165955,0.06,15.0,0.22
351,351.0,9.81985671672004,244.84138653312232,9.81985671672004,-25.158613466877682,0.06,0.0,0.33,9.338245608519395,-25.158613466877682,0.06,15.0,0.22
352,352.0,9.569836280306644,262.67422808398766,9.569836280306644,-7.3257719160124,0.06,0.0,0.33,9.338245608519395,-7.3257719160124,0.06,15.0,0.22
353,353.0,9.85303083045261,236.06521714290307,9.85303083045261,-33.934782857096934,0.06,0.0,0.33,9.338245608519395,-33.934782857096934,0.06,15.0,0.22
354,354.0,10.750734827118752,245.88100940247642,10.750734827118752,-24.118990597523634,0.06,0.0,0.33,9.338245608519395,-24.118990597523634,0.06,15.0,0.22
355,355.0,10.161602579289418,238.344304339644,10.161602579289418,-31.65569566035606,0.06,0.0,0.33,9.338245608519395,-31.65569566035606,0.06,15.0,0.22
356,356.0,8.957169581169733,249.2982554882972,8.957169581169733,-20.701744511702827,0.06,0.0,0.33,9.338245608519395,-20.701744511702827,0.06,15.0,0.22
357,357.0,10.616603048400208,272.3692962894482,10.616603048400208,2.3692962894481866,0.06,0.0,0.33,9.338245608519395,2.3692962894481866,0.06,15.0,0.22
358,358.0,9.458707661616208,262.43066523973346,9.458707661616208,-7.569334760266543,0.06,0.0,0.33,9.338245608519395,-7.569334760266543,0.06,15.0,0.22
359,359.0,10.108795190186159,230.7812194012609,10.108795190186159,-39.21878059873916,0.06,0.0,0.33,9.338245608519395,-39.21878059873916,0.06,15.0,0.22
360,360.0,9.189935112574576,247.86039020752546,9.189935112574576,-22.139609792474516,0.06,0.0,0.33,9.338245608519395,-22.139609792474516,0.06,15.0,0.22
361,361.0,9.655271552098624,248.22444847028925,9.655271552098624,-21.77555152971081,0.06,0.0,0.33,9.338245608519395,-21.77555152971081,0.06,15.0,0.22
362,362.0,9.77008667263894,247.50623347682972,9.77008667263894,-22.49376652317028,0.06,0.0,0.33,9.338245608519395,-22.49376652317028,0.06,15.0,0.22
363,363.0,10.41896285226639,240.59200149584217,10.41896285226639,-29.40799850415783,0.06,0.0,0.33,9.338245608519395,-29.40799850415783,0.06,15.0,0.22
364,364.0,10.821579714581835,245.76277560228988,10.821579714581835,-24.23722439771018,0.06,0.0,0.33,10.467237987638223,-24.23722439771018,0.06,15.0,0.22
365,365.0,10.234725842124725,243.5239225689499,10.234725842124725,-26.476077431050044,0.06,0.0,0.33,10.467237987638223,-26.476077431050044,0.06,15.0,0.22
366,366.0,9.82376522705345,234.4738914356077,9.82376522705345,-35.5261085643923,0.06,0.0,0.33,10.467237987638223,-35.5261085643923,0.06,15.0,0.22
367,367.0,9.738626452755662,242.1153550434338,9.738626452755662,-27.884644956566262,0.06,0.0,0.33,10.467237987638223,-27.884644956566262,0.06,15.0,0.22
368,368.0,9.854439985261175,246.39606085713697,9.854439985261175,-23.603939142863055,0.06,0.0,0.33,10.467237987638223,-23.603939142863055,0.06,15.0,0.22
369,369.0,10.11772001321366,244.4856323299895,10.11772001321366,-25.51436767001053,0.06,0.0,0.33,10.467237987638223,-25.51436767001053,0.06,15.0,0.22
370,370.0,10.428001918041003,259.1063996809991,10.428001918041003,-10.893600319000825,0.06,0.0,0.33,10.236656252539312,-10.893600319000825,0.06,15.0,0.22
371,371.0,9.536190412050198,242.1354080268877,9.536190412050198,-27.864591973112283,0.06,0.0,0.33,10.236656252539312,-27.864591973112283,0.06,15.0,0.22
372,372.0,10.527847173804286,262.91490822740946,10.527847173804286,-7.085091772590545,0.06,0.0,0.33,10.236656252539312,-7.085091772590545,0.06,15.0,0.22
373,373.0,10.082973322348746,231.67590000392053,10.082973322348746,-38.32409999607944,0.06,0.0,0.33,10.236656252539312,-38.32409999607944,0.06,15.0,0.22
374,374.0,10.516076968613703,242.87394298243615,10.516076968613703,-27.12605701756388,0.06,0.0,0.33,10.236656252539312,-27.12605701756388,0.06,15.0,0.22
375,375.0,10.101528404867231,247.74602360530452,10.101528404867231,-22.253976394695428,0.06,0.0,0.33,10.566198828910526,-22.253976394695428,0.06,15.0,0.22
376,376.0,9.937382648051319,241.95189515770298,9.937382648051319,-28.048104842296993,0.06,0.0,0.33,10.566198828910526,-28.048104842296993,0.06,15.0,0.22
377,377.0,9.690796629419859,267.35088146118625,9.690796629419859,-2.649118538813809,0.06,0.0,0.33,10.566198828910526,-2.649118538813809,0.06,15.0,0.22
378,378.0,9.986897632266295,244.70838412274202,9.986897632266295,-25.291615877257982,0.06,0.0,0.33,10.566198828910526,-25.291615877257982,0.06,15.0,0.22
379,379.0,9.647562113547197,259.6345107918542,9.647562113547197,-10.365489208145846,0.06,0.0,0.33,10.566198828910526,-10.365489208145846,0.06,15.0,0.22
380,380.0,10.187486004772653,261.38996688657045,10.187486004772653,-8.610033113429608,0.06,0.0,0.33,10.566198828910526,-8.610033113429608,0.06,15.0,0.22
381,381.0,9.53285090227023,264.6968184324834,9.53285090227023,-5.303181567516617,0.06,0.0,0.33,10.566198828910526,-5.303181567516617,0.06,15.0,0.22
382,382.0,9.958464430824128,261.58953121612626,9.958464430824128,-8.410468783873739,0.06,0.0,0.33,10.566198828910526,-8.410468783873739,0.06,15.0,0.22
383,383.0,9.806430986546529,252.56360090113228,9.806430986546529,-17.436399098867696,0.06,0.0,0.33,10.566198828910526,-17.436399098867696,0.06,15.0,0.22
384,384.0,10.579185690957148,255.98061054666766,10.579185690957148,-14.019389453332337,0.06,0.0,0.33,10.566198828910526,-14.019389453332337,0.06,15.0,0.22
385,385.0,10.099118649189284,259.7990116034722,10.099118649189284,-10.200988396527805,0.06,0.0,0.33,10.566198828910526,-10.200988396527805,0.06,15.0,0.22
386,386.0,9.605066333017394,241.65764734210714,9.605066333017394,-28.34235265789289,0.06,0.0,0.33,10.849197796857458,-28.34235265789289,0.06,15.0,0.22
387,387.0,8.972257207120212,246.83944191489383,8.972257207120212,-23.16055808510623,0.06,0.0,0.33,10.849197796857458,-23.16055808510623,0.06,15.0,0.22
388,388.0,9.802960276087532,259.0215860604204,9.802960276087532,-10.978413939579582,0.06,0.0,0.33,10.849197796857458,-10.978413939579582,0.06,15.0,0.22
389,389.0,9.593553826202244,237.02048895289855,9.593553826202244,-32.97951104710148,0.06,0.0,0.33,10.849197796857458,-32.97951104710148,0.06,15.0,0.22
390,390.0,10.230755816510094,253.9055174346578,10.230755816510094,-16.09448256534222,0.06,0.0,0.33,10.849197796857458,-16.09448256534222,0.06,15.0,0.22
391,391.0,10.546097915617311,243.28518889589682,10.546097915617311,-26.714811104103205,0.06,0.0,0.33,10.849197796857458,-26.714811104103205,0.06,15.0,0.22
392,392.0,10.207306797327725,247.25415732523336,10.207306797327725,-22.745842674766664,0.06,0.0,0.33,10.849197796857458,-22.745842674766664,0.06,15.0,0.22
393,393.0,9.760378880280097,255.3255921835338,9.760378880280097,-14.674407816466214,0.06,0.0,0.33,10.849197796857458,-14.674407816466214,0.06,15.0,0.22
394,394.0,11.181675319618776,246.84304925767088,11.181675319618776,-23.156950742329172,0.06,0.0,0.33,10.849197796857458,-23.156950742329172,0.06,15.0,0.22
395,395.0,10.354483034130167,251.44350614330273,10.354483034130167,-18.556493856697216,0.06,0.0,0.33,10.079180043538882,-18.556493856697216,0.06,15.0,0.22
396,396.0,10.49187209171458,233.05732300013742,10.49187209171458,-36.942676999862556,0.06,0.0,0.33,10.079180043538882,-36.942676999862556,0.06,15.0,0.22
397,397.0,9.669621607176131,275.85678746427595,9.669621607176131,5.856787464275953,0.06,0.0,0.33,10.079180043538882,5.856787464275953,0.06,15.0,0.22
398,398.0,10.509963929809414,239.64480158566536,10.509963929809414,-30.35519841433461,0.06,0.0,0.33,9.442822271642141,-30.35519841433461,0.06,15.0,0.22
399,399.0,10.249546516366753,246.3616959342412,10.249546516366753,-23.638304065758803,0.06,0.0,0.33,9.814690470954977,-23.638304065758803,0.06,15.0,0.22
400,400.0,10.296441108685023,249.09288855102648,10.296441108685023,-20.907111448973524,0.06,0.0,0.33,9.814690470954977,-20.907111448973524,0.06,15.0,0.22
401,401.0,10.798314194825466,256.6238396117202,10.798314194825466,-13.3761603882798,0.06,0.0,0.33,9.814690470954977,-13.3761603882798,0.06,15.0,0.22
402,402.0,9.69440209986952,261.6742429473973,9.69440209986952,-8.32575705260274,0.06,0.0,0.33,9.814690470954977,-8.32575705260274,0.06,15.0,0.22
403,403.0,10.679762699099797,260.1710001881428,10.679762699099797,-9.828999811857216,0.06,0.0,0.33,9.814690470954977,-9.828999811857216,0.06,15.0,0.22
404,404.0,9.541685560911565,257.4466373925535,9.541685560911565,-12.553362607446502,0.06,0.0,0.33,9.830935119785863,-12.553362607446502,0.06,15.0,0.22
405,405.0,10.364777635640207,246.62073075000927,10.364777635640207,-23.379269249990784,0.06,0.0,0.33,9.830935119785863,-23.379269249990784,0.06,15.0,0.22
406,406.0,10.144519954480371,249.59186679020974,10.144519954480371,-20.40813320979032,0.06,0.0,0.33,9.830935119785863,-20.40813320979032,0.06,15.0,0.22
407,407.0,9.65726622723116,243.39471163707066,9.65726622723116,-26.605288362929286,0.06,0.0,0.33,9.830935119785863,-26.605288362929286,0.06,15.0,0.22
408,408.0,9.623691157020156,261.30086782018645,9.623691157020156,-8.699132179813546,0.06,0.0,0.33,9.830935119785863,-8.699132179813546,0.06,15.0,0.22
409,409.0,10.915448732759717,246.37622145492278,10.915448732759717,-23.623778545077244,0.06,0.0,0.33,9.830935119785863,-23.623778545077244,0.06,15.0,0.22
410,410.0,9.87384634392613,252.4981577531011,9.87384634392613,-17.501842246898832,0.06,0.0,0.33,9.830935119785863,-17.501842246898832,0.06,15.0,0.22
411,411.0,10.03345004468237,247.83749698245458,10.03345004468237,-22.16250301754542,0.06,0.0,0.33,9.830935119785863,-22.16250301754542,0.06,15.0,0.22
412,412.0,9.815677591017652,243.6817782302227,9.815677591017652,-26.318221769777324,0.06,0.0,0.33,9.830935119785863,-26.318221769777324,0.06,15.0,0.22
413,413.0,10.405651653769413,234.82930708434384,10.405651653769413,-35.17069291565622,0.06,0.0,0.33,9.830935119785863,-35.17069291565622,0.06,15.0,0.22
414,414.0,10.538326679371034,246.94040614070053,10.538326679371034,-23.05959385929941,0.06,0.0,0.33,9.830935119785863,-23.05959385929941,0.06,15.0,0.22
415,415.0,9.981989614576255,259.0153272907394,9.981989614576255,-10.984672709260622,0.06,0.0,0.33,10.24503239031896,-10.984672709260622,0.06,15.0,0.22
416,416.0,10.255513761619987,255.4700805284018,10.255513761619987,-14.529919471598191,0.06,0.0,0.33,9.535656406718624,-14.529919471598191,0.06,15.0,0.22
417,417.0,9.385871613238232,262.50307841655246,9.385871613238232,-7.496921583447602,0.06,0.0,0.33,9.535656406718624,-7.496921583447602,0.06,15.0,0.22
418,418.0,9.30957071639605,236.04560493139365,9.30957071639605,-33.954395068606345,0.06,0.0,0.33,9.535656406718624,-33.954395068606345,0.06,15.0,0.22
419,419.0,10.129872049362511,252.48030130347607,10.129872049362511,-17.51969869652396,0.06,0.0,0.33,9.370249136074477,-17.51969869652396,0.06,15.0,0.22
420,420.0,9.240887427771312,245.80284805854944,9.240887427771312,-24.197151941450556,0.06,0.0,0.33,9.370249136074477,-24.197151941450556,0.06,15.0,0.22
421,421.0,8.913925980754716,228.25838796020707,8.913925980754716,-41.741612039792926,0.06,0.0,0.33,9.370249136074477,-41.741612039792926,0.06,15.0,0.22
422,422.0,11.012935839841926,241.9461957127279,11.012935839841926,-28.0538042872721,0.06,0.0,0.33,9.370249136074477,-28.0538042872721,0.06,15.0,0.22
423,423.0,10.694238260581791,250.1471320737324,10.694238260581791,-19.852867926267663,0.06,0.0,0.33,9.370249136074477,-19.852867926267663,0.06,15.0,0.22
424,424.0,9.785918043362974,263.74603946809674,9.785918043362974,-6.2539605319032034,0.06,0.0,0.33,9.370249136074477,-6.2539605319032034,0.06,15.0,0.22
425,425.0,9.797172758023917,255.71052309121762,9.797172758023917,-14.289476908782376,0.06,0.0,0.33,9.370249136074477,-14.289476908782376,0.06,15.0,0.22
426,426.0,8.633455185846177,266.29018889494114,8.633455185846177,-3.7098111050588614,0.06,0.0,0.33,9.370249136074477,-3.7098111050588614,0.06,15.0,0.22
427,427.0,8.855191826690604,246.0116314942029,8.855191826690604,-23.988368505797098,0.06,0.0,0.33,10.750734827118752,-23.988368505797098,0.06,15.0,0.22
428,428.0,9.40590304447643,279.85559037123505,9.40590304447643,9.855590371235053,0.06,0.0,0.33,9.189935112574576,9.855590371235053,0.06,15.0,0.22
429,429.0,9.66020160315667,247.05371375703206,9.66020160315667,-22.94628624296797,0.06,0.0,0.33,9.189935112574576,-22.94628624296797,0.06,15.0,0.22
430,430.0,9.992226589540817,250.99127213758786,9.992226589540817,-19.008727862412115,0.06,0.0,0.33,9.189935112574576,-19.008727862412115,0.06,15.0,0.22
431,431.0,10.577980606759958,248.55465731817515,10.577980606759958,-21.445342681824854,0.06,0.0,0.33,9.189935112574576,-21.445342681824854,0.06,15.0,0.22
432,432.0,9.982401613032225,249.52231190848877,9.982401613032225,-20.477688091511254,0.06,0.0,0.33,9.189935112574576,-20.477688091511254,0.06,15.0,0.22
433,433.0,10.246280725419625,242.54657060668558,10.246280725419625,-27.453429393314423,0.06,0.0,0.33,9.189935112574576,-27.453429393314423,0.06,15.0,0.22
434,434.0,9.528811676056606,243.80346703663992,9.528811676056606,-26.19653296336014,0.06,0.0,0.33,9.189935112574576,-26.19653296336014,0.06,15.0,0.22
435,435.0,10.145588396039127,256.3828562176138,10.145588396039127,-13.617143782386165,0.06,0.0,0.33,9.189935112574576,-13.617143782386165,0.06,15.0,0.22
436,436.0,10.071152500230586,264.29668272145153,10.071152500230586,-5.703317278548411,0.06,0.0,0.33,9.189935112574576,-5.703317278548411,0.06,15.0,0.22
437,437.0,10.037665615555676,274.776224859509,10.037665615555676,4.776224859509,0.06,0.0,0.33,9.189935112574576,4.776224859509,0.06,15.0,0.22
438,438.0,9.609425960990924,239.5215600242671,9.609425960990924,-30.478439975732954,0.06,0.0,0.33,9.189935112574576,-30.478439975732954,0.06,15.0,0.22
439,439.0,10.169395243381024,276.1005613341813,10.169395243381024,6.100561334181293,0.06,0.0,0.33,9.738626452755662,6.100561334181293,0.06,15.0,0.22
440,440.0,9.97296754749819,249.06195978572475,9.97296754749819,-20.938040214275247,0.06,0.0,0.33,9.738626452755662,-20.938040214275247,0.06,15.0,0.22
441,441.0,10.381549171193043,258.79633380741603,10.381549171193043,-11.203666192584024,0.06,0.0,0.33,9.738626452755662,-11.203666192584024,0.06,15.0,0.22
442,442.0,10.820337754785566,250.5511896339342,10.820337754785566,-19.4488103660658,0.06,0.0,0.33,9.738626452755662,-19.4488103660658,0.06,15.0,0.22
443,443.0,9.76973677341124,247.5548815546671,9.76973677341124,-22.445118445332923,0.06,0.0,0.33,10.516076968613703,-22.445118445332923,0.06,15.0,0.22
444,444.0,10.788770452758959,264.1702710001187,10.788770452758959,-5.829728999881354,0.06,0.0,0.33,10.516076968613703,-5.829728999881354,0.06,15.0,0.22
445,445.0,10.32234855906816,248.17920732256817,10.32234855906816,-21.820792677431882,0.06,0.0,0.33,10.516076968613703,-21.820792677431882,0.06,15.0,0.22
446,446.0,10.15608780747543,264.52822233063154,10.15608780747543,-5.471777669368521,0.06,0.0,0.33,10.516076968613703,-5.471777669368521,0.06,15.0,0.22
447,447.0,9.860933439104135,250.41103235563222,9.860933439104135,-19.588967644367813,0.06,0.0,0.33,10.516076968613703,-19.588967644367813,0.06,15.0,0.22
448,448.0,10.566599504029806,233.11458837845487,10.566599504029806,-36.88541162154513,0.06,0.0,0.33,10.516076968613703,-36.88541162154513,0.06,15.0,0.22
449,449.0,9.355729733839471,245.48271223635345,9.355729733839471,-24.51728776364655,0.06,0.0,0.33,10.516076968613703,-24.51728776364655,0.06,15.0,0.22
450,450.0,9.583140654500895,240.2266100761351,9.583140654500895,-29.773389923864897,0.06,0.0,0.33,10.516076968613703,-29.773389923864897,0.06,15.0,0.22
451,451.0,9.857518769428918,257.2309409643089,9.857518769428918,-12.769059035691043,0.06,0.0,0.33,10.516076968613703,-12.769059035691043,0.06,15.0,0.22
452,452.0,10.151243007771662,246.5355344409709,10.151243007771662,-23.464465559029122,0.06,0.0,0.33,10.516076968613703,-23.464465559029122,0.06,15.0,0.22
453,453.0,10.578190019731942,267.6617097818606,10.578190019731942,-2.3382902181393774,0.06,0.0,0.33,10.101528404867231,-2.3382902181393774,0.06,15.0,0.22
454,454.0,10.206189092021493,244.78994957107722,10.206189092021493,-25.21005042892284,0.06,0.0,0.33,10.101528404867231,-25.21005042892284,0.06,15.0,0.22
455,455.0,10.388448658032887,258.309714184809,10.388448658032887,-11.690285815190919,0.06,0.0,0.33,9.690796629419859,-11.690285815190919,0.06,15.0,0.22
456,456.0,9.598042340784197,264.0233458576471,9.598042340784197,-5.976654142352913,0.06,0.0,0.33,9.690796629419859,-5.976654142352913,0.06,15.0,0.22
457,457.0,10.066520642325898,241.2166305078192,10.066520642325898,-28.783369492180782,0.06,0.0,0.33,9.690796629419859,-28.783369492180782,0.06,15.0,0.22
458,458.0,10.65904627229887,250.9218175101729,10.65904627229887,-19.0781824898271,0.06,0.0,0.33,9.690796629419859,-19.0781824898271,0.06,15.0,0.22
459,459.0,9.670036449396981,247.31086189546784,9.670036449396981,-22.689138104532162,0.06,0.0,0.33,9.647562113547197,-22.689138104532162,0.06,15.0,0.22
460,460.0,10.007580269719643,268.46920895313644,10.007580269719643,-1.5307910468635555,0.06,0.0,0.33,9.647562113547197,-1.5307910468635555,0.06,15.0,0.22
461,461.0,10.021114446532597,237.94428643596675,10.021114446532597,-32.055713564033226,0.06,0.0,0.33,9.647562113547197,-32.055713564033226,0.06,15.0,0.22
462,462.0,9.82819945676582,251.3351112659188,9.82819945676582,-18.66488873408116,0.06,0.0,0.33,9.647562113547197,-18.66488873408116,0.06,15.0,0.22
463,463.0,9.545236560473446,251.13222637368554,9.545236560473446,-18.867773626314488,0.06,0.0,0.33,9.647562113547197,-18.867773626314488,0.06,15.0,0.22
464,464.0,9.542992305515206,246.02442159917248,9.542992305515206,-23.975578400827544,0.06,0.0,0.33,10.230755816510094,-23.975578400827544,0.06,15.0,0.22
465,465.0,10.894832339519848,244.12525752850829,10.894832339519848,-25.874742471491686,0.06,0.0,0.33,10.230755816510094,-25.874742471491686,0.06,15.0,0.22
466,466.0,10.217504672955478,239.54339362920777,10.217504672955478,-30.4566063707922,0.06,0.0,0.33,10.230755816510094,-30.4566063707922,0.06,15.0,0.22
467,467.0,10.406657244035344,253.03058199722966,10.406657244035344,-16.96941800277034,0.06,0.0,0.33,9.669621607176131,-16.96941800277034,0.06,15.0,0.22
468,468.0,9.96462733136338,264.8438659827268,9.96462733136338,-5.156134017273189,0.06,0.0,0.33,9.669621607176131,-5.156134017273189,0.06,15.0,0.22
469,469.0,10.162175868187218,237.65268595572527,10.162175868187218,-32.34731404427475,0.06,0.0,0.33,9.669621607176131,-32.34731404427475,0.06,15.0,0.22
470,470.0,10.765960945974381,275.872392687899,10.765960945974381,5.87239268789898,0.06,0.0,0.33,9.669621607176131,5.87239268789898,0.06,15.0,0.22
471,471.0,9.959489359416459,239.8043034893924,9.959489359416459,-30.195696510607604,0.06,0.0,0.33,9.669621607176131,-30.195696510607604,0.06,15.0,0.22
472,472.0,9.697140998833596,256.08238708986175,9.697140998833596,-13.917612910138246,0.06,0.0,0.33,9.669621607176131,-13.917612910138246,0.06,15.0,0.22
473,473.0,8.378470134630565,256.91804836807097,8.378470134630565,-13.081951631929087,0.06,0.0,0.33,9.669621607176131,-13.081951631929087,0.06,15.0,0.22
474,474.0,9.512704973377335,237.21510681804384,9.512704973377335,-32.784893181956136,0.06,0.0,0.33,9.669621607176131,-32.784893181956136,0.06,15.0,0.22
475,475.0,10.06067998826941,260.10473193677495,10.06067998826941,-9.895268063225103,0.06,0.0,0.33,10.249546516366753,-9.895268063225103,0.06,15.0,0.22
476,476.0,10.06867218887138,228.9918409264376,10.06867218887138,-41.00815907356241,0.06,0.0,0.33,10.249546516366753,-41.00815907356241,0.06,15.0,0.22
477,477.0,10.677330058003037,272.4559655853253,10.677330058003037,2.455965585325316,0.06,0.0,0.33,10.249546516366753,2.455965585325316,0.06,15.0,0.22
478,478.0,9.58978030351162,218.6045071807534,9.58978030351162,-51.395492819246556,0.06,0.0,0.33,10.249546516366753,-51.395492819246556,0.06,15.0,0.22
479,479.0,10.849503404677032,237.38431131945748,10.849503404677032,-32.61568868054246,0.06,0.0,0.33,10.249546516366753,-32.61568868054246,0.06,15.0,0.22
480,480.0,9.417272343411012,264.323509180861,9.417272343411012,-5.676490819138962,0.06,0.0,0.33,10.249546516366753,-5.676490819138962,0.06,15.0,0.22
481,481.0,10.39047390412435,264.65275847554454,10.39047390412435,-5.347241524455512,0.06,0.0,0.33,10.296441108685023,-5.347241524455512,0.06,15.0,0.22
482,482.0,9.827750141989291,239.51254857651065,9.827750141989291,-30.487451423489347,0.06,0.0,0.33,10.296441108685023,-30.487451423489347,0.06,15.0,0.22
483,483.0,9.996510551793403,267.53139087104455,9.996510551793403,-2.4686091289554497,0.06,0.0,0.33,10.798314194825466,-2.4686091289554497,0.06,15.0,0.22
484,484.0,9.686491404377868,242.94558215233945,9.686491404377868,-27.05441784766049,0.06,0.0,0.33,10.798314194825466,-27.05441784766049,0.06,15.0,0.22
485,485.0,9.712585060710788,266.0379202496579,9.712585060710788,-3.9620797503421272,0.06,0.0,0.33,10.798314194825466,-3.9620797503421272,0.06,15.0,0.22
486,486.0,10.8278125314072,239.7456077350136,10.8278125314072,-30.254392264986336,0.06,0.0,0.33,10.538326679371034,-30.254392264986336,0.06,15.0,0.22
487,487.0,9.84448236411733,250.15301790194516,9.84448236411733,-19.84698209805481,0.06,0.0,0.33,10.538326679371034,-19.84698209805481,0.06,15.0,0.22
488,488.0,10.37507470078844,252.91704806300794,10.37507470078844,-17.082951936992004,0.06,0.0,0.33,11.012935839841926,-17.082951936992004,0.06,15.0,0.22
489,489.0,9.17313321072529,247.7748090151114,9.17313321072529,-22.225190984888627,0.06,0.0,0.33,11.012935839841926,-22.225190984888627,0.06,15.0,0.22
490,490.0,10.034030285528758,244.02875092645147,10.034030285528758,-25.971249073548506,0.06,0.0,0.33,11.012935839841926,-25.971249073548506,0.06,15.0,0.22
491,491.0,9.580051386079719,253.88540783650268,9.580051386079719,-16.114592163497264,0.06,0.0,0.33,11.012935839841926,-16.114592163497264,0.06,15.0,0.22
492,492.0,10.01462843542077,278.7726689826389,10.01462843542077,8.77266898263889,0.06,0.0,0.33,11.012935839841926,8.77266898263889,0.06,15.0,0.22
493,493.0,9.78586327990182,237.74834328177073,9.78586327990182,-32.25165671822924,0.06,0.0,0.33,11.012935839841926,-32.25165671822924,0.06,15.0,0.22
494,494.0,10.233389044084314,260.2726252019379,10.233389044084314,-9.727374798062101,0.06,0.0,0.33,11.012935839841926,-9.727374798062101,0.06,15.0,0.22
495,495.0,10.201960544418927,274.137939761981,10.201960544418927,4.137939761980988,0.06,0.0,0.33,11.012935839841926,4.137939761980988,0.06,15.0,0.22
496,496.0,10.300316999664034,251.83089247625082,10.300316999664034,-18.169107523749176,0.06,0.0,0.33,11.012935839841926,-18.169107523749176,0.06,15.0,0.22
497,497.0,10.20732350747791,238.1366075699932,10.20732350747791,-31.863392430006797,0.06,0.0,0.33,11.012935839841926,-31.863392430006797,0.06,15.0,0.22
498,498.0,10.878141927855907,238.74012632320765,10.878141927855907,-31.25987367679238,0.06,0.0,0.33,11.012935839841926,-31.25987367679238,0.06,15.0,0.22
499,499.0,10.474176525616269,284.6163711588142,10.474176525616269,14.616371158814218,0.06,0.0,0.33,11.012935839841926,14.616371158814218,0.06,15.0,0.22
500,500.0,9.268249821446098,232.5819445580555,9.268249821446098,-37.41805544194449,0.06,0.0,0.33,11.012935839841926,-37.41805544194449,0.06,15.0,0.22
501,501.0,9.22616937195569,252.98322256271854,9.22616937195569,-17.016777437281462,0.06,0.0,0.33,10.694238260581791,-17.016777437281462,0.06,15.0,0.22
502,502.0,9.267840120763902,245.75217913254448,9.267840120763902,-24.247820867455516,0.06,0.0,0.33,10.694238260581791,-24.247820867455516,0.06,15.0,0.22
503,503.0,8.374213551804928,230.3728787723462,8.374213551804928,-39.62712122765379,0.06,0.0,0.33,10.694238260581791,-39.62712122765379,0.06,15.0,0.22
504,504.0,10.362085701851932,237.01648322533242,10.362085701851932,-32.98351677466758,0.06,0.0,0.33,10.694238260581791,-32.98351677466758,0.06,15.0,0.22
505,505.0,8.524655249316194,248.69057243921708,8.524655249316194,-21.30942756078298,0.06,0.0,0.33,10.694238260581791,-21.30942756078298,0.06,15.0,0.22
506,506.0,10.19423133242993,232.89001234369658,10.19423133242993,-37.109987656303474,0.06,0.0,0.33,10.694238260581791,-37.109987656303474,0.06,15.0,0.22
507,507.0,10.079077550428545,244.9970888169243,10.079077550428545,-25.00291118307564,0.06,0.0,0.33,9.785918043362974,-25.00291118307564,0.06,15.0,0.22
508,508.0,10.33155494556934,226.4994434494931,10.33155494556934,-43.50055655050687,0.06,0.0,0.33,9.785918043362974,-43.50055655050687,0.06,15.0,0.22
509,509.0,9.733425240065303,257.49889359035865,9.733425240065303,-12.501106409641352,0.06,0.0,0.33,9.40590304447643,-12.501106409641352,0.06,15.0,0.22
510,510.0,10.233038506777321,253.96874447971285,10.233038506777321,-16.031255520287118,0.06,0.0,0.33,9.40590304447643,-16.031255520287118,0.06,15.0,0.22
511,511.0,10.032770816035365,262.36074296693755,10.032770816035365,-7.639257033062449,0.06,0.0,0.33,9.992226589540817,-7.639257033062449,0.06,15.0,0.22
512,512.0,10.358014022399404,246.9878873704385,10.358014022399404,-23.012112629561443,0.06,0.0,0.33,9.528811676056606,-23.012112629561443,0.06,15.0,0.22
513,513.0,9.992393774054518,267.5516128734582,9.992393774054518,-2.4483871265417747,0.06,0.0,0.33,9.528811676056606,-2.4483871265417747,0.06,15.0,0.22
514,514.0,10.203838545173879,248.48717325713227,10.203838545173879,-21.512826742867674,0.06,0.0,0.33,10.145588396039127,-21.512826742867674,0.06,15.0,0.22
515,515.0,9.450526926519117,252.31044413941765,9.450526926519117,-17.689555860582345,0.06,0.0,0.33,10.169395243381024,-17.689555860582345,0.06,15.0,0.22
516,516.0,9.543863022270072,253.8775561822079,9.543863022270072,-16.122443817792146,0.06,0.0,0.33,10.169395243381024,-16.122443817792146,0.06,15.0,0.22
517,517.0,10.752938468703787,234.69234704845013,10.752938468703787,-35.307652951549926,0.06,0.0,0.33,10.169395243381024,-35.307652951549926,0.06,15.0,0.22
518,518.0,10.131616153770763,255.05309359934026,10.131616153770763,-14.946906400659714,0.06,0.0,0.33,10.169395243381024,-14.946906400659714,0.06,15.0,0.22
519,519.0,9.981272560638219,244.77528063598044,9.981272560638219,-25.22471936401962,0.06,0.0,0.33,10.169395243381024,-25.22471936401962,0.06,15.0,0.22
520,520.0,9.72578109786,230.63316555648979,9.72578109786,-39.36683444351024,0.06,0.0,0.33,9.355729733839471,-39.36683444351024,0.06,15.0,0.22
521,521.0,9.902993549208079,260.44098685966713,9.902993549208079,-9.559013140332809,0.06,0.0,0.33,9.355729733839471,-9.559013140332809,0.06,15.0,0.22
522,522.0,8.979712717439085,243.67123691901867,8.979712717439085,-26.32876308098139,0.06,0.0,0.33,9.355729733839471,-26.32876308098139,0.06,15.0,0.22
523,523.0,9.152183919824465,240.8457901471974,9.152183919824465,-29.154209852802637,0.06,0.0,0.33,9.355729733839471,-29.154209852802637,0.06,15.0,0.22
524,524.0,9.832695164767626,252.7569528322184,9.832695164767626,-17.243047167781583,0.06,0.0,0.33,9.355729733839471,-17.243047167781583,0.06,15.0,0.22
525,525.0,9.605427930458854,237.41827239305388,9.605427930458854,-32.58172760694606,0.06,0.0,0.33,9.355729733839471,-32.58172760694606,0.06,15.0,0.22
526,526.0,10.199549035490893,247.16220349814654,10.199549035490893,-22.837796501853518,0.06,0.0,0.33,9.355729733839471,-22.837796501853518,0.06,15.0,0.22
527,527.0,9.490487479980104,229.88864163728886,9.490487479980104,-40.111358362711144,0.06,0.0,0.33,9.355729733839471,-40.111358362711144,0.06,15.0,0.22
528,528.0,9.273823381186492,246.92345727733613,9.273823381186492,-23.076542722663817,0.06,0.0,0.33,9.857518769428918,-23.076542722663817,0.06,15.0,0.22
529,529.0,10.029187354206893,263.3779011524136,10.029187354206893,-6.622098847586358,0.06,0.0,0.33,9.857518769428918,-6.622098847586358,0.06,15.0,0.22
530,530.0,9.964818800642117,245.35921092914802,9.964818800642117,-24.64078907085195,0.06,0.0,0.33,9.857518769428918,-24.64078907085195,0.06,15.0,0.22
531,531.0,10.375068966678718,240.15855517937666,10.375068966678718,-29.841444820623337,0.06,0.0,0.33,9.857518769428918,-29.841444820623337,0.06,15.0,0.22
532,532.0,10.123230843822476,261.75999009824966,10.123230843822476,-8.24000990175034,0.06,0.0,0.33,9.857518769428918,-8.24000990175034,0.06,15.0,0.22
533,533.0,9.234969578800099,246.24629391315264,9.234969578800099,-23.753706086847387,0.06,0.0,0.33,9.857518769428918,-23.753706086847387,0.06,15.0,0.22
534,534.0,10.003277441998176,244.1152922158169,10.003277441998176,-25.884707784183092,0.06,0.0,0.33,10.849503404677032,-25.884707784183092,0.06,15.0,0.22
535,535.0,10.042036760389001,222.5984974486624,10.042036760389001,-47.40150255133756,0.06,0.0,0.33,10.849503404677032,-47.40150255133756,0.06,15.0,0.22
536,536.0,9.812406680572382,268.2612190845067,9.812406680572382,-1.7387809154932938,0.06,0.0,0.33,10.849503404677032,-1.7387809154932938,0.06,15.0,0.22
537,537.0,9.707320937695156,256.9653550441056,9.707320937695156,-13.034644955894464,0.06,0.0,0.33,10.849503404677032,-13.034644955894464,0.06,15.0,0.22
538,538.0,9.288385061711452,258.72707235730684,9.288385061711452,-11.272927642693162,0.06,0.0,0.33,10.849503404677032,-11.272927642693162,0.06,15.0,0.22
539,539.0,10.13878129893594,254.402683406279,10.13878129893594,-15.597316593720961,0.06,0.0,0.33,10.849503404677032,-15.597316593720961,0.06,15.0,0.22
540,540.0,10.61187740639848,245.4918577982301,10.61187740639848,-24.508142201769942,0.06,0.0,0.33,10.849503404677032,-24.508142201769942,0.06,15.0,0.22
541,541.0,9.490795197667865,225.8654392235021,9.490795197667865,-44.13456077649789,0.06,0.0,0.33,10.849503404677032,-44.13456077649789,0.06,15.0,0.22
542,542.0,10.52024440706254,219.52720555027702,10.52024440706254,-50.47279444972298,0.06,0.0,0.33,10.849503404677032,-50.47279444972298,0.06,15.0,0.22
543,543.0,9.015802197000399,233.20678889754635,9.015802197000399,-36.7932111024536,0.06,0.0,0.33,10.849503404677032,-36.7932111024536,0.06,15.0,0.22
544,544.0,9.909524257506323,230.21687487836314,9.909524257506323,-39.783125121636886,0.06,0.0,0.33,10.849503404677032,-39.783125121636886,0.06,15.0,0.22
545,545.0,9.321378094438751,215.73998180889976,9.321378094438751,-54.260018191100244,0.06,0.0,0.33,10.849503404677032,-54.260018191100244,0.06,15.0,0.22
546,546.0,10.542033912136219,232.81360055169915,10.542033912136219,-37.18639944830079,0.06,0.0,0.33,10.849503404677032,-37.18639944830079,0.06,15.0,0.22
547,547.0,10.141281757529516,232.4824102824848,10.141281757529516,-37.51758971751519,0.06,0.0,0.33,10.849503404677032,-37.51758971751519,0.06,15.0,0.22
548,548.0,10.307576049906078,247.45648718515756,10.307576049906078,-22.543512814842416,0.06,0.0,0.33,10.849503404677032,-22.543512814842416,0.06,15.0,0.22
549,549.0,9.715830051404437,234.86407845205898,9.715830051404437,-35.13592154794105,0.06,0.0,0.33,10.849503404677032,-35.13592154794105,0.06,15.0,0.22
550,550.0,9.649322397705953,256.7858839299525,9.649322397705953,-13.214116070047567,0.06,0.0,0.33,10.849503404677032,-13.214116070047567,0.06,15.0,0.22
551,551.0,10.440344578970766,234.74302420335516,10.440344578970766,-35.25697579664484,0.06,0.0,0.33,10.849503404677032,-35.25697579664484,0.06,15.0,0.22
552,552.0,9.89869829579698,242.82741026453732,9.89869829579698,-27.17258973546268,0.06,0.0,0.33,10.849503404677032,-27.17258973546268,0.06,15.0,0.22
553,553.0,10.003391008343211,262.3789388629799,10.003391008343211,-7.621061137020092,0.06,0.0,0.33,10.849503404677032,-7.621061137020092,0.06,15.0,0.22
554,554.0,9.891542612887719,235.67237361429912,9.891542612887719,-34.32762638570091,0.06,0.0,0.33,9.417272343411012,-34.32762638570091,0.06,15.0,0.22
555,555.0,10.586162447683348,252.84362349083932,10.586162447683348,-17.156376509160737,0.06,0.0,0.33,9.417272343411012,-17.156376509160737,0.06,15.0,0.22
556,556.0,10.108302210189473,266.82068581178135,10.108302210189473,-3.1793141882186546,0.06,0.0,0.33,9.417272343411012,-3.1793141882186546,0.06,15.0,0.22
557,557.0,10.508932476916678,219.9020264637793,10.508932476916678,-50.09797353622071,0.06,0.0,0.33,9.417272343411012,-50.09797353622071,0.06,15.0,0.22
558,558.0,9.531512181550575,238.0321191731163,9.531512181550575,-31.96788082688363,0.06,0.0,0.33,9.417272343411012,-31.96788082688363,0.06,15.0,0.22
559,559.0,9.853986025871823,239.01073015910399,9.853986025871823,-30.989269840895986,0.06,0.0,0.33,9.996510551793403,-30.989269840895986,0.06,15.0,0.22
560,560.0,9.322419528086307,245.82927058136366,9.322419528086307,-24.17072941863637,0.06,0.0,0.33,9.996510551793403,-24.17072941863637,0.06,15.0,0.22
561,561.0,9.418051307398986,254.80971930300694,9.418051307398986,-15.190280696993113,0.06,0.0,0.33,9.996510551793403,-15.190280696993113,0.06,15.0,0.22
562,562.0,9.051224030585939,248.37680061405072,9.051224030585939,-21.623199385949306,0.06,0.0,0.33,9.996510551793403,-21.623199385949306,0.06,15.0,0.22
563,563.0,10.105766505749067,260.86317026471517,10.105766505749067,-9.136829735284891,0.06,0.0,0.33,9.84448236411733,-9.136829735284891,0.06,15.0,0.22
564,564.0,9.779951833984246,239.77139481324568,9.779951833984246,-30.228605186754294,0.06,0.0,0.33,9.84448236411733,-30.228605186754294,0.06,15.0,0.22
565,565.0,10.382103127896738,254.6519672970803,10.382103127896738,-15.348032702919681,0.06,0.0,0.33,9.84448236411733,-15.348032702919681,0.06,15.0,0.22
566,566.0,9.5651794583276,212.27227411102544,9.5651794583276,-57.72772588897453,0.06,0.0,0.33,9.84448236411733,-57.72772588897453,0.06,15.0,0.22
567,567.0,9.375840316931573,272.0230263932589,9.375840316931573,2.023026393258874,0.06,0.0,0.33,9.84448236411733,2.023026393258874,0.06,15.0,0.22
568,568.0,10.274983458329258,246.72329497346487,10.274983458329258,-23.276705026535183,0.06,0.0,0.33,9.84448236411733,-23.276705026535183,0.06,15.0,0.22
569,569.0,10.053460590851147,250.6910321551478,10.053460590851147,-19.30896784485219,0.06,0.0,0.33,10.233389044084314,-19.30896784485219,0.06,15.0,0.22
570,570.0,9.144092740284833,250.8150689352114,9.144092740284833,-19.184931064788543,0.06,0.0,0.33,10.233389044084314,-19.184931064788543,0.06,15.0,0.22
571,571.0,10.044719535200354,263.38829525519327,10.044719535200354,-6.61170474480673,0.06,0.0,0.33,9.22616937195569,-6.61170474480673,0.06,15.0,0.22
572,572.0,9.797465818555562,241.8806971897456,9.797465818555562,-28.11930281025434,0.06,0.0,0.33,10.362085701851932,-28.11930281025434,0.06,15.0,0.22
573,573.0,10.234333192466655,240.11974849490488,10.234333192466655,-29.88025150509509,0.06,0.0,0.33,9.733425240065303,-29.88025150509509,0.06,15.0,0.22
574,574.0,9.298415387317434,240.2677139039502,9.298415387317434,-29.732286096049847,0.06,0.0,0.33,9.733425240065303,-29.732286096049847,0.06,15.0,0.22
575,575.0,9.757331544581294,272.43978627640166,9.757331544581294,2.4397862764016622,0.06,0.0,0.33,9.733425240065303,2.4397862764016622,0.06,15.0,0.22
576,576.0,10.359681861163178,246.85720964358362,10.359681861163178,-23.142790356416413,0.06,0.0,0.33,9.733425240065303,-23.142790356416413,0.06,15.0,0.22
577,577.0,10.107800345926927,253.32116194012494,10.107800345926927,-16.678838059875034,0.06,0.0,0.33,9.733425240065303,-16.678838059875034,0.06,15.0,0.22
578,578.0,9.733241891603011,237.47121757943944,9.733241891603011,-32.52878242056056,0.06,0.0,0.33,9.733425240065303,-32.52878242056056,0.06,15.0,0.22
579,579.0,10.107391432961888,249.8335612830836,10.107391432961888,-20.166438716916446,0.06,0.0,0.33,9.733425240065303,-20.166438716916446,0.06,15.0,0.22
580,580.0,10.107977610983088,244.28376334177298,10.107977610983088,-25.71623665822699,0.06,0.0,0.33,9.733425240065303,-25.71623665822699,0.06,15.0,0.22
581,581.0,9.491304651080556,253.12859767607716,9.491304651080556,-16.871402323922894,0.06,0.0,0.33,9.733425240065303,-16.871402323922894,0.06,15.0,0.22
582,582.0,9.699549969181728,279.7986237985168,9.699549969181728,9.798623798516815,0.06,0.0,0.33,9.733425240065303,9.798623798516815,0.06,15.0,0.22
583,583.0,9.97406507358708,269.73325269274574,9.97406507358708,-0.26674730725426343,0.06,0.0,0.33,9.733425240065303,-0.26674730725426343,0.06,15.0,0.22
584,584.0,9.767075080895166,233.4782370245341,9.767075080895166,-36.52176297546589,0.06,0.0,0.33,9.733425240065303,-36.52176297546589,0.06,15.0,0.22
585,585.0,10.16741921836534,249.0600117064005,10.16741921836534,-20.939988293599527,0.06,0.0,0.33,9.733425240065303,-20.939988293599527,0.06,15.0,0.22
586,586.0,9.416002921797483,250.53230605219602,9.416002921797483,-19.467693947804037,0.06,0.0,0.33,9.733425240065303,-19.467693947804037,0.06,15.0,0.22
587,587.0,9.725341274639499,248.56136941840478,9.725341274639499,-21.43863058159525,0.06,0.0,0.33,9.733425240065303,-21.43863058159525,0.06,15.0,0.22
588,588.0,10.667104747276918,241.67154741004668,10.667104747276918,-28.328452589953258,0.06,0.0,0.33,9.733425240065303,-28.328452589953258,0.06,15.0,0.22
589,589.0,9.520650625220838,249.124562204427,9.520650625220838,-20.87543779557302,0.06,0.0,0.33,9.902993549208079,-20.87543779557302,0.06,15.0,0.22
590,590.0,10.056649149266159,250.85289952709294,10.056649149266159,-19.147100472907027,0.06,0.0,0.33,9.902993549208079,-19.147100472907027,0.06,15.0,0.22
591,591.0,10.108115446776583,265.58159966520117,10.108115446776583,-4.418400334798889,0.06,0.0,0.33,9.902993549208079,-4.418400334798889,0.06,15.0,0.22
592,592.0,9.982254963056644,269.0473779006758,9.982254963056644,-0.9526220993241168,0.06,0.0,0.33,9.902993549208079,-0.9526220993241168,0.06,15.0,0.22
593,593.0,10.476169410107916,245.68516291557907,10.476169410107916,-24.3148370844209,0.06,0.0,0.33,9.902993549208079,-24.3148370844209,0.06,15.0,0.22
594,594.0,10.610226891641748,241.56629695402322,10.610226891641748,-28.433703045976813,0.06,0.0,0.33,9.902993549208079,-28.433703045976813,0.06,15.0,0.22
595,595.0,10.891604202481561,250.08424641801773,10.891604202481561,-19.915753581982244,0.06,0.0,0.33,9.273823381186492,-19.915753581982244,0.06,15.0,0.22
596,596.0,9.606348275378252,241.8610031213805,9.606348275378252,-28.138996878619537,0.06,0.0,0.33,9.812406680572382,-28.138996878619537,0.06,15.0,0.22
597,597.0,10.657030648033961,245.05801499376955,10.657030648033961,-24.941985006230425,0.06,0.0,0.33,9.812406680572382,-24.941985006230425,0.06,15.0,0.22
598,598.0,9.85765462836794,243.77720603034751,9.85765462836794,-26.222793969652457,0.06,0.0,0.33,10.542033912136219,-26.222793969652457,0.06,15.0,0.22
599,599.0,10.224658071436703,236.43753726316922,10.224658071436703,-33.56246273683075,0.06,0.0,0.33,10.542033912136219,-33.56246273683075,0.06,15.0,0.22
